top_k_predictions,prev_items
"['B00U92JSQG', 'B07YSZZYBB', 'B00CXAOTCK', 'B00CYA5QXK', 'B07W46JLMX', 'B00FF78WEE', 'B07W68J6BV', 'B09JRYJN4N', 'B09KN6JY9P']","['B007MO0FIO', 'B09QXPN2TL', 'B005PA3I8G', 'B003Y7MS6U', 'B005PA3I8G', 'B003Y7MS6U', 'B007MO0FIO']"
"['B0797RDXLD', 'B09JY1PWCL', 'B0797QCXTJ', 'B09JY6YYVD', 'B08PCCZ7XT', 'B07986PJ6N', 'B08PCGL5TH', 'B09JXZCQ16', 'B00VQQ294C', 'B09MGG1C2D', 'B00VQQSOG4', 'B07N9MV9ZH', 'B09CLGDGTL', 'B09JY8N4LJ', 'B07SC58QBW', 'B08PCCKZR7', 'B09MGG33KY', 'B09ZLS8ZY7', 'B09MGGPVML', 'B07N9MDR5B']","['B082P6M3HC', 'B082BHJ9G8', 'B0797QCXS6', 'B082BGVKTR', 'B082BHF6ZZ', 'B082P6M3HC']"
"['B07S79G11S', 'B0894HWG1H']","['B0894HWG1H', 'B07S79G11S', 'B092VCHVS7', 'B09DCPQG5J', 'B08TBVDMDY', 'B01M30N2RH', 'B078H3DHHL', 'B078H3DHHL']"
"['B09WF6FWL2', 'B0784T65RK', 'B0B63PHLHB', 'B07RRPT6YM', 'B07C8V2DJ7', 'B07DKFZ3DN', 'B09Y42QLQC', 'B09LHGS6K9', 'B09LHK5SN8', 'B0748H6D2X', 'B00I9ZDDJ8', 'B09B28MTND', 'B017KHMS1E', 'B07SYH8P5Q', 'B09LHKW259', 'B072M59HNR', 'B08FBJZ853', 'B07BG8RRLL', 'B07F8J2S79', 'B01A84QSRG']","['B00FLTE8OE', 'B07CRNCKMR', 'B0784T65RK']"
"['B0B5XHRVFL', 'B0BHSXQLSX', 'B0B5XPGRXD', 'B0B13Q77GL']","['B0B5XPGRXD', 'B0BHSXQLSX', 'B0BJKJZJNM']"
"['B094VK7QL1', 'B094VM4MFL', 'B098BSY19T', 'B0B256HNBW', 'B0B59C4DKY', 'B09RLDMTWL', 'B0B9T7PZ74', 'B0B2PL859V', 'B0B59FN29S', 'B0B9T42F59', 'B0B24SG4YR', 'B0835FLKRF', 'B00K2UAWWO', 'B089KYM4MR', 'B0B599X6L8', 'B09RLHJWM4', 'B014DGP9R0', 'B0B594Y644', 'B09RQZJFSH', 'B098BSZSHP']","['B01EY8LJTE', 'B08CDB4YZG', 'B06ZZPRHNH', 'B07W8GJ8F1', 'B01DY36K5I']"
"['B08TC49YHW', 'B08TC2Q3KS', 'B08R7K24BW', 'B082Y6QXS3', 'B0832VGT99', 'B082Y6QMQ8', 'B08R7LTDGS', 'B08R7JXDSL', 'B0832V1DS9', 'B08R7KJBCP', 'B082Y64V39', 'B08R7LJRD6', 'B0832TP662', 'B082Y6D9RZ', 'B09639ZHNG', 'B08XND7TZW', 'B08R7KJ6DP', 'B08TC4WGQW']","['B08TC4WGQW', 'B08TC2Q3KS']"
"['B07RCSCRQZ', 'B09ZLHWC1H', 'B09ZLL3977', 'B09ZJ7FWSM', 'B097DXJ7YF', 'B09ZJ4RBYR', 'B08F6BXH48', 'B0B7NQ8VMD', 'B08KTG88PJ', 'B07R94MSQN', 'B09ZJ64J4H', 'B0B7NY5371', 'B0B7NVMW1J', 'B09ZLJ2R3N', 'B0B21RBWJX', 'B09ZJ4799Y', 'B07C5HVQSL', 'B07MH1DV2C', 'B08HQZQZ78', 'B07TX5HGR4']","['B097DWZL5S', 'B07C5HVQSL', 'B09ZLJF49P', 'B09ZLJMW4Q', 'B09ZLHWC1H', 'B073FH7QQ1', 'B073FH44VC', 'B073FMZNPF', 'B09GPSJSPH']"
"['B09HKLJYTP', 'B09N9ZPDL6']","['B009PKBR6M', 'B00M35N98U', 'B009PKBR6M', 'B00M35N98U', 'B0BKH3R4SH', 'B086XJL5WY']"
[],"['B08CJBYDYZ', 'B08TC2XL36', 'B08YYKB298', 'B08TC2XL36']"
"['B07SHBW7HG', 'B082YTKC47', 'B07SMN7FYZ', 'B09Y2JT879', 'B084L41R99', 'B08MQRDDYB', 'B0BGYN4BLD', 'B07X51VZGJ', 'B08B5YWNF7', 'B09Y2K3ZSZ', 'B0BJ1893RX', 'B07PKXN9HQ', 'B0B5LYXDZV', 'B084P3KP2R', 'B09Y2H52XT', 'B085PLG1XW', 'B09Y2K7W8K', 'B08KGTW3CV', 'B08K898H75', 'B08X2V5K28']","['B07PJV3JPR', 'B08KGTW3CV', 'B08MHBPQHX']"
"['B081D4G8HQ', 'B08SLZ6S55', 'B07C1WLXHN', 'B084ZRBBY4', 'B098P833X4', 'B09734KFCF', 'B093LSC81D', 'B07W53T4B5', 'B07KX1XKN5', 'B075MC8FLF']","['B09FYHNGSD', 'B074FT64G6', 'B074FT64G6']"
"['B004FO7A9G', 'B0B5RYJQ38', 'B0189BFVF0', 'B0723F5PDV', 'B00RN2FL7K', 'B0181BROKI', 'B08KT7X5JX', 'B0047VYIJM']","['B00JFC4OX8', 'B00JFC4OX8', 'B00RN2FL7K']"
"['B079H3MXTJ', 'B07NLGCF2W', 'B08LDWFJ7T', 'B08LDSP7J6', 'B09QLHBWT4', 'B00MYL9JW8', 'B079H35P8J', 'B09QLHTNNB', 'B07KJWNXTJ', 'B096H4G4PG', 'B09BW3JSR7', 'B089TRMFRF', 'B09BW2NBGW', 'B07MLY2PXT', 'B00T9UR1WM', 'B09BW4VNGM', 'B077P7M1ZM', 'B083VZW49V', 'B01AAHX4DC', 'B08V4WCW31']","['B07MKRMDWJ', 'B00PI0M2DK', 'B00SYSRFBC']"
"['B08DHVW3KP', 'B098B1C912', 'B08PFHW3R5', 'B07RLG6DXL', 'B093QJRDGC', 'B0972QWZ11', 'B097DBJR7X', 'B0972QFFBK', 'B0972PK65G', 'B09BBBGD1H', 'B07H5HYW6Z', 'B09N3G5L78', 'B08GKP3L51', 'B08MFBGF8G', 'B08CJBYDYZ', 'B0B4B65C92', 'B098B2XJJ6']","['B098B2XJJ6', 'B0B4B65C92']"
"['B0B2572DL3', 'B08F3SQLXB', 'B09DCN23PN', 'B078N1DBY9', 'B09CZ7QY1P', 'B08DJ9DZWS', 'B091ZHQF3D', 'B08D753J6V']","['B09NP6MYVM', 'B08F3SQLXB']"
['B08ZCNZ7R2'],"['B09993K7SK', 'B09M6TJH44', 'B09TW3FBQV']"
"['B09TW5W2JP', 'B0BC8Q6J2B', 'B08FXDPHPJ', 'B07RX3JWSB', 'B07WFB6QMV', 'B08BL793R1', 'B089ZPJXWZ', 'B07JWD931J']","['B089ZPJXWZ', 'B08BL793R1', 'B08BL793R1', 'B089ZPJXWZ', 'B08BL793R1', 'B089ZPJXWZ', 'B08BL793R1']"
"['B002IRMB7I', 'B002IRKE9A', 'B0B4DVGV24', 'B084GX87GK']","['B084GX87GK', 'B08W55RQ8Z']"
"['B07BPWH82X', 'B00RXG9VA4', 'B00MULOV8E', 'B07KDFTF2Z', 'B06X97WBT8', 'B015J4Q9TM', 'B015J4PRTU', 'B015J4POA2', 'B01EY4G9FM', 'B07GXMQBNT', 'B0751MHDRC', 'B07CMW66HT', 'B015J4Q6H2', 'B0B8JZR8SQ', 'B09F9BZQDM', 'B06WW9NGS5', 'B00R9MG7HW', 'B015J4OZ70', 'B07XKRMG5K', 'B06XGLMR1B']","['B01EY4GTY8', 'B015J4OZ70', 'B07YSHHNRW']"
"['B082P461RH', 'B0000ZQT1O', 'B0BJ7H3DR9', 'B08KWN4652', 'B09DC7ST2S', 'B0BL16KCM2', 'B07VD91NBT', 'B0874XZ765', 'B08K3SXD6N', 'B09LCXL3S2', 'B09L8PRHCJ']","['B000KVN6O6', 'B08KWN4652']"
"['B0B4DLW8W1', 'B09N279YPG', 'B09N27RRRZ', 'B0B4DJ3YMB', 'B09X337PHJ', 'B09FPLWLQ6', 'B0B4JLSP34', 'B0B4JQ2WGD', 'B0B4DHVFV4', 'B09N28NJC2', 'B0B4JQPGGZ', 'B0B4JPZMCZ']","['B09N26JCXH', 'B09N26JCXH']"
"['B08GSLZM4Z', 'B07BBS8849', 'B07V8HCJJH', 'B0BFJLXJJV', 'B0BFMMDJXZ', 'B09PN85QYF']","['B0BFMMDJXZ', 'B0BFJLXJJV', 'B0BFJLXJJV', 'B0799CLKC5', 'B0BJKC8F2F', 'B0BJKC8F2F', 'B0799CLKC5']"
[],"['B005DCCSQY', 'B005DCCSQY', 'B0B5N7GL8T']"
"['B0BFP9D659', 'B09WB3LWSX', 'B0B6SVW9RD', 'B09WB3FQNK', 'B09WB52MH1', 'B09W9WXBZL', 'B09V5C7GHF', 'B09WB44VSK', 'B07WNJWTTL', 'B09MZ6956Z']","['B09V5C7GHF', 'B09W9WXBZL', 'B091Z1FD3R']"
"['B07YXDSJHM', 'B079T4HRXR', 'B07YXD6Z81', 'B07YXD46HM', 'B07PZ1JS3K', 'B08XY1GBDV', 'B079G3B971', 'B07HZ148N4', 'B07YXDNZSG', 'B079G3B5LX', 'B07NP7LHP3', 'B08XXYT77S', 'B079GCC2DH', 'B09YFBSW24', 'B09YG28XC9', 'B079G4DGP6', 'B07NP7BKBM', 'B09YF4YVP4', 'B09YF58GZ2', 'B079FYWR29']","['B078Y2F2WF', 'B078Y5Y22Q', 'B078XZ5G7S', 'B078Y2F2WF', 'B078Y5Y22Q', 'B078XZ5G7S', 'B07YXFFRZY']"
"['B07YM33HZX', 'B0979HB7XC', 'B0B5XLMP28', 'B077PMG1V7', 'B08DJ8BTGF', 'B0B3S9YHP7', 'B07S19MV95', 'B00N7T5TSE', 'B08YMQPMP4', 'B07B8GYMYP', 'B08V5F2NY5', 'B08SMKCWSS', 'B09NL6SH8J', 'B09Q97DBVH', 'B07T3D7DQY', 'B01EVGZZ4Y']","['B0BDMY2DZF', 'B012LO1TSO', 'B08V5FB6NH', 'B0721RTRFJ', 'B0B3S9YHP7']"
[],"['B001IO5228', 'B017QCSW7M', 'B08LQCPFKW', 'B09LZ8BN9D']"
"['B0B9HMRR2B', 'B08JX35NSB', 'B089T15HQ2', 'B099FCF15M', 'B0168UWV6Q', 'B0B3DFB11J', 'B08F8QHLV3', 'B0813VNJF8', 'B089T1CHTK', 'B0B6Q6G36L', 'B07GFHKQPX', 'B0069RL9GM', 'B09GJKS334', 'B00JA67C38']","['B07KPLSYZ6', 'B089T15HQ4', 'B089T1CHTK']"
"['B09GLZFN68', 'B09F4LX6NT', 'B0BCJHRCT3', 'B09F4YQD94']","['B0BGH616F7', 'B0B5L76RV4']"
"['B093BTP57Z', 'B093BTQF3P', 'B0B5GTSJ6W', 'B09WXDXSK3', 'B09DC8ZMB1', 'B09J4QRHHR', 'B09DG37WGP', 'B09V7WVXCH', 'B09ST6NTVQ', 'B071LLJWFT', 'B0B18GVHKW', 'B0BDD5WLS3']","['B0B77BM9JZ', 'B093BVGR6Y']"
"['B07FMZJ962', 'B01BP1IXSS', 'B07DFPH8PD', 'B00HO962RA', 'B01H3DON0O', 'B007X236NQ', 'B0060MY2KQ', 'B07FKM4XWC', 'B07FKXCHBK', 'B077T4QPTZ', 'B01C6V5IVG', 'B00SYPPSF0']","['B007X236NQ', 'B07DFPH8PD', 'B0060MY2KQ', 'B007X236NQ', 'B07DFPH8PD']"
"['B08D7DB2BX', 'B07J42K2HG', 'B0B4SC18CT', 'B09VXYX8NN', 'B0BBVYMFJ2', 'B07WR84XGJ', 'B07ZQ9F5XJ', 'B08D7DPR41']","['B08D7DPR41', 'B07Y3GBGD2', 'B0B4SHFVRC']"
"['B08JW624NN', 'B08SRMPBRF', 'B0B9GJLV2D', 'B091CK241X', 'B099KW4ZLV', 'B09C936VWN', 'B01L7PQBL8', 'B077YLDC5N', 'B087VLP2RT', 'B08JW5DR79', 'B097SBDTT7', 'B07SDFLVKD', 'B095WRRS9G', 'B09G6G2R34', 'B09DSMRY3H', 'B08H99BPJN', 'B09BR11XMH', 'B09BR2PJD7']","['B091CK241X', 'B09C936VWN', 'B099KW4ZLV', 'B07SDFLVKD', 'B091CK241X', 'B097SBDTT7', 'B091C6Y3S1', 'B0B9GJLV2D', 'B07SR4R8K1', 'B09C8Y8S4Z', 'B07SR4R8K1', 'B09C8Y8S4Z', 'B08SRMPBRF']"
"['B0B2QR7FGL', 'B09LM8W7Z1', 'B09GB2F6R8', 'B099WTWDML', 'B07YJBJSHV', 'B0BBMBDSYH']","['B08FXJFT6G', 'B0B8SK9RXN']"
['B091QQQPNW'],"['B00P7SIVAQ', 'B0B9YFFYP7']"
"['B002AL9AIU', 'B003AQYS0Y', 'B00TQWNPS2', 'B083GF67KR', 'B083X3QTBD', 'B0BFPF8B5P', 'B0BJVSWZLS', 'B09RCZY89L', 'B09W9NWHW9', 'B0006HBEQG']","['B07M6ZNN3G', 'B07M6ZNN3G', 'B0753C927N', 'B09XK739TR', 'B09W9NTFBY', 'B09W9NWHW9', 'B077ZTB2L6', 'B0899XCFF9', 'B077ZTB2L6', 'B07VLTLR9W', 'B0BJVSGSZ1', 'B06XDN7Z88', 'B07RMJ8SG6', 'B08GKP3L51', 'B0972SCRL1', 'B094VHZ9QT']"
"['B07WTZSKW7', 'B097H21CVS', 'B09BJ2G1RL', 'B097H43X3B', 'B08F37CD1Z', 'B07H26SMLZ', 'B07H274XPG', 'B07WRTLH8Q', 'B002Q5AF84', 'B08D9JDG6M', 'B0B2Z8M8RW', 'B08QW1TGDB', 'B07WT139VH', 'B09BHJS3TF']","['B097H2YY5L', 'B0824LVH2C', 'B07H24Y5MX']"
"['B07WD5B99P', 'B07WD58H6R', 'B09Y2MYL5C', 'B07WD5978Q', 'B00I3LUQPW', 'B084YC1ZNM', 'B09Y2LL45F', 'B095DNPH4R', 'B09Y2HHL3R', 'B078VGJ3LB', 'B00I3LUS1O', 'B07X1TDTQB', 'B09Y2M4DD3', 'B09FKGJ1CB', 'B07X5Y3VWN', 'B09MWNLH83', 'B09JPR71CL', 'B09NY399VW', 'B09BVC4J2R', 'B09BVFDHMK']","['B07FS9B5G8', 'B09QT6Y13K', 'B07WD5978Q', 'B086LLYK4S', 'B09QT5PNZY', 'B09QT5DY97', 'B086LMBJ86']"
[],"['B07JLTMC9R', 'B07JLPSSMV', 'B0B9GX5BM6', 'B0B9GZ7KVP', 'B0B9GVLG1Z']"
"['B09CGKJCLQ', 'B08V56DF3W', 'B0B1BQP488', 'B07Y94W69D', 'B000B6MKMO', 'B09CG4N522', 'B0B1BJTKPB', 'B00004YRPE', 'B09BW4XD66', 'B07F71TZDV', 'B09R18MMWD', 'B00ERK5Q3A', 'B09NRWHM96', 'B09BZDHW7V', 'B006EFMSSM', 'B08V52PZMD', 'B09CG53TJH', 'B08HQJM3RB', 'B07PXHF4WQ', 'B07Q1KDLQK']","['B0721CGJMT', 'B0721CGJMT', 'B0B1BPYPFG', 'B08ZNFNM99']"
"['B09WKCS1ST', 'B07ZN7MRBY', 'B08V144XH3', 'B07ZN7TKSW']","['B09WKCS1ST', 'B014TL44FM']"
"['B01N457SMS', 'B01MT0WT6B', 'B010SMBJPO', 'B017WI04PS', 'B001RYOPAE', 'B07L5SHQZQ', 'B00FYSHYQ6', 'B079XLD7D5', 'B01DY5JFQW', 'B018463ZIK', 'B00LZW74F6', 'B015Q8BMM0', 'B07G8FHXDL', 'B00UI5EFYO']","['B001G4F6H6', 'B001G4F6H6', 'B001G4F6H6']"
"['B00FEE1DLM', 'B00FEE92FQ', 'B000LNG1RW', 'B0926G863F', 'B0926KCST1', 'B071LPD8KF', 'B07BP9THZJ', 'B0949WTZRF', 'B0B9TB2W65', 'B07L3MT7CZ', 'B08C1YX4JB', 'B096W22NPM', 'B0B4MXC22T']","['B07L3MT7CZ', 'B071LPD8KF', 'B07L3MT7CZ', 'B0949WTZRF', 'B095X4V181', 'B09W6KRR37', 'B01AXYLCWW', 'B0926G863F', 'B000KHTEZ0']"
"['B0017RPIKM', 'B00I4UW0E2', 'B00H0CUK8I', 'B07CRP3H6C', 'B07118YPKZ', 'B081K48MD6', 'B01AS7OTAG', 'B075QP4T9G', 'B079Q33CNZ', 'B0017RPIKC', 'B005345JFY', 'B08KWS5W14', 'B082DG8D7N']","['B00H37RF3I', 'B082DG8D7N']"
"['B09QYP3KL1', 'B0B5ZYL2M7', 'B0BG1K8BB6', 'B08J2TZVTT', 'B09Y9565DN', 'B0842B1XMR']","['B0B4WS5WGN', 'B088K43RZS']"
"['B07BR4VNTY', 'B09HKKYH9R', 'B0776TV6KZ', 'B0BHZ1LQZP', 'B09JGS56M3']","['B09HKKYH9R', 'B075NPKW3C', 'B07BR4VNTY']"
"['B09WKBX44K', 'B09C5C7VDQ', 'B09C5BMWM4', 'B09C5CRJ34', 'B07MFNRZ26', 'B09GJX5B59', 'B095C6GZL3', 'B09CKGXND5', 'B095C32BY2', 'B09P88Z7B9']","['B07MC2PKJB', 'B07MC2P4RQ', 'B07MFNRZ26', 'B07MC2NSZZ', 'B07MC2PKJB', 'B07MC2P4RQ', 'B099H8ML7D', 'B099H8ML7D']"
"['B013XC64J2', 'B003UYTLY4', 'B01A95KS4S', 'B08R79BJBP', 'B07DLLL278', 'B000I5SCB6', 'B095NX64S1', 'B0B1BMY9FS']","['B0B1BMY9FS', 'B01A95KS4S', 'B0B1BMY9FS', 'B08R79BJBP']"
"['B0876FVNM4', 'B0876GCXGP', 'B0876FXKXC', 'B0876GPZ8G', 'B0876GZ44N', 'B0876FZZM6']","['B0BBW32K39', 'B0BBW4B9N6', 'B099N99SX5']"
"['B08ZK8P99H', 'B082YW6THW', 'B07RW3X2XC', 'B085Q49XPP', 'B07XDZ1M9C', 'B07W3RSC1J', 'B082YVQPFS']","['B07XDZ1M9C', 'B07SJTRVRR', 'B07Z4GJTJV']"
"['B07KWLR3QS', 'B08KXXXS9G']","['B08BMZ5BGS', 'B07DWDF6KH', 'B07KYGM9GS', 'B07T68RJ8D', 'B0B4DTQG7V']"
"['B092DB47K8', 'B08PDTJ6X6', 'B08SNLMD5S', 'B08PDZ8G58', 'B08L75PF9N', 'B08SNJ6RBG', 'B07B8X7XY9', 'B079TP1P3V', 'B07KZ671CQ']","['B08147N3S3', 'B08SNJ6RBG', 'B08PDZ8G58']"
"['B0B75QGM49', 'B0B784RC4N', 'B0BFP8KF1Y', 'B09X3F8KP1', 'B09ZKRTYHT', 'B09TZPH15C', 'B0BFP88WCV', 'B09T2G2RPM', 'B0BFP93XY5', 'B0BG3F6LKG', 'B0B4K725Q4', 'B0B7876KC2', 'B0B2X4CFN9', 'B0B21F5ZQB', 'B08PS2F9RD', 'B0BFP8V86T', 'B06WD38JTM', 'B0BG3CPJQL', 'B0BFPBC1TP', 'B0B75N98M7']","['B09ZKLCKJV', 'B09ZKLCKJV']"
"['B09S3Z51VX', 'B01J3KRZ8C', 'B08GSTY877', 'B09S3ZX32K']","['B09S3ZX32K', 'B08DL3WVKT', 'B09S3ZRCCG', 'B074TFPVM5', 'B0B4DM2PV2', 'B08HM2SYVJ', 'B0BFFDKYKC', 'B09DGHNTDR', 'B08HM2SYVJ', 'B0B4DM2PV2']"
"['B09B79CFVJ', 'B09CZ8Z4LK', 'B08LGXYPSW', 'B005XVISYQ', 'B002CZPR0Y', 'B0B7HZ1HH4', 'B08JFT8KVP', 'B09CZBNTS2']","['B07S6FYQTM', 'B09CZ8LKP1']"
['B0B1PRJNBN'],"['B0B6ZP6LKS', 'B09B7J61GW', 'B0B6VPRV7H', 'B09B7J61GW', 'B0B6ZP6LKS', 'B09B7J61GW']"
"['B09BKB4MHJ', 'B08WZ2ZHJK', 'B08WZN7CPN', 'B07NQM6C6M', 'B08FGKQSSS', 'B08CLQCRLP', 'B07JYLBZV9', 'B0BFP81V4T']","['B07NQM6C6M', 'B0BFP81V4T']"
"['B00TOM2SSM', 'B07LF7ZKCT', 'B01FLY2GYM', 'B00TOM2SMS', 'B0BH5499RJ', 'B0BH53RCN1']","['B0BH53RCN1', 'B0BH5499RJ', 'B00TOM2SNC']"
"['0008419116', '000847902X', '0008419124']","['0008419132', '0008419124']"
"['B096NWC9GC', 'B096WYD6M7', 'B08N65X9W2', 'B096FTQ6YY', 'B08LD2QZ63', 'B07ZJGS9W9']","['B07ZJGS9W9', 'B08N65X9W2']"
"['B0B59DVR1B', 'B0B59C9M2Q', 'B0B59GRB6J', 'B0B59FWK87', 'B09BW3DJMF', 'B09BW11P7F', 'B09BW1Y677', 'B09BW3DXWB', 'B08KFCXL2M', 'B0B3LHK3GB', '1801227543', 'B0B7P8X5GK', 'B0BF5KCQBL']","['B09BW3DJMF', 'B0B59FJ213', 'B0B59FWK87', 'B09BW3DXWB', 'B0B59F72FG', 'B09BW3TL3Q', 'B0B59F72FG', 'B09QH14XYP', 'B08VNJ4FZ8']"
"['B081TJ3JFX', 'B08PC589QL', 'B08THP6Y71', 'B08PC71W32', 'B081TKQDLJ', 'B087QP53X9', 'B08THRFKWF', 'B01MDR6YQA', 'B09B28MTND', 'B017IOKN52']","['B08THRFKWF', 'B09XVGD9QC', 'B09XVJ3R11', 'B0B9BHXSNM', 'B09XVGD9QC', 'B09XVGTVH1', 'B08THRFKWF']"
"['B008NF1YZE', 'B08GCTTFQH', 'B00600QFA8', 'B00HUY1BQ6', 'B004G5EDC6', 'B016OVH9WK', 'B016OVH7G8', 'B004JKFIJ0', 'B00GXH2PM0', 'B004XAKAYE', 'B09D9LTMP6', 'B084R1KM8N', 'B01AXFSVJ8', 'B09D9NX13D', 'B071JTNR16', 'B07FGCW51N', 'B07GJ8WM5F', 'B0177IQTXO', 'B09D9P3PPV', 'B00GBDY9PM']","['B094NPM9SV', 'B08GCTTFQH', 'B094NPM9SV']"
"['B0B1C77LDH', 'B09Y5ZM9PB', 'B09Y62SF6C', 'B0B1C8MX25', 'B0B1C7C1JR', 'B0B425V6WH', 'B09Y5Y5TWT', 'B0B1B65K1R', 'B0B1C96RFW', 'B09Y62NHY6', 'B09Y629Q64', 'B0B1C7HBMJ', 'B0B1C8236D', 'B0B1B7DHPX', 'B0B1B7RQC8', 'B0B1C9V8K9', 'B0B1B79HMZ', 'B0B1C8GKKR', 'B09V4D3GFG', 'B0B55VGS4Y']","['B09Y5Y5TWT', 'B0B1B5YN88', 'B09Y61SGNK', 'B09Y629Q64', 'B0B1C8GKKR', 'B09V4D3GFG']"
"['B09QHBD2CS', 'B09QHDKM28', 'B0839TMZ8Y', 'B08CVTCM89', 'B0B1QBQHJR', 'B07R4V8P33', 'B01MTU2N2W', 'B08CVVJ1FY', 'B095Q7449T', 'B09QHBTWQ1', 'B07QZ3T15V', 'B07ZWL8TSS', 'B08CVV8QB9', 'B08CVPTK3X', 'B08CVTW578', 'B01M3NSFYP', 'B077H45J3Q', 'B01N2NCO8W', 'B095Q4FT6Z', 'B00SX4HJX6']","['B09QHBYSKK', 'B01M3NSFYP']"
"['B09X166TDM', 'B0B8YD9VHR']","['B0B7RNNDZM', 'B09X14K19C']"
"['B002GJSE3S', 'B01N5VI1BU', 'B00PGOKRGC', 'B000MCZW5E', 'B000IVGBFY', 'B002UCYGWE', 'B072MPKF5X', 'B000HHMAXG', 'B000FZ9YB6', 'B000S6PQX2', 'B07M66X6S2', 'B000SP1CVI', 'B079NHZ5SK', 'B01MZFZF1T', 'B01N9XWK51', 'B000S6O49O', 'B012BH5CRK', 'B00R2Q3B6U', 'B00KQL814U', 'B00DG66VKS']","['B00EAN1USY', 'B00EAN1U7A', 'B00EAN1USY', 'B00JN9FXY2']"
"['B004ZWNKFQ', 'B096W22NPM', 'B00FEE1DLM', 'B09W6KRR37', 'B017P1SWMY', 'B096W3CPFB', 'B000KU725G', 'B0B4MXC22T', 'B00VG0KBJI']","['B0144P0XBW', 'B096W3CPFB']"
"['B00I8R35LI', 'B004ZJSLM6', 'B004ZJSKNQ', 'B084R1YR24', 'B07W87ZGRC', 'B008227Z7Y', 'B01E58931E', 'B00826XU0Q', 'B001DYO5J4', 'B00MY9YXWQ', 'B084V7XNQ7', 'B004ZJSLS0', 'B00VV1PDPY', 'B09BQZNGMQ', 'B002E2LTU2', 'B07S1CQVR6', 'B00B6B7QLS', 'B005335OFU', 'B07TWYXHVX', 'B084R1RVGG']","['B002E2LTU2', 'B002E2LTU2', 'B00EZMW7IC']"
"['B08ZDVMYTY', 'B08ZDT39FG', 'B09DSN6Z5R', 'B0BCQLVFBM', 'B07ZCLRNFJ', 'B08L527FKX', 'B07W6NBPHX', 'B0B8277MW6', 'B08ZDWKX3K', 'B08ZDSBMWN', 'B08ZG1SKNY', 'B0B8PHSXSL', 'B0B21D2SR1', 'B0B2196B6T', 'B08XXJX7S9', 'B09JNVYC13', 'B09PFYPCZS', 'B08BHH7LHQ', 'B08ZF9ZZ2X']","['B07W6NBPHX', 'B0BH4MRRCK', 'B08ZDVMYTY', 'B08ZF9ZZ2X']"
"['B0BJPNNNFS', 'B0BHKYHTWT', 'B0BHT92FV9', 'B0BJDTQW5B', 'B0BJQFS9N8', 'B0BJK8F9SS', 'B0BHMB34KJ', 'B0BJK2WT4T', 'B0BL3RL8VT', 'B0BL735GH1', 'B0BL6S35L3']","['B0BJK2WT4T', 'B0BJK8F9SS', 'B0BL3TPNPY', 'B0BKKGJZSS']"
[],"['B01MR51GUE', 'B01GHWFWE8', 'B01GHWGHSI', 'B01GHWFWE8', 'B07FB4TZ76']"
"['B08K5S2X5D', 'B0B18TF9F3', 'B01DY36JF4', 'B0B18SR5V4', 'B094VJN482', 'B0835DXMY6', 'B094VNNTWN', 'B08HLMZV9W', 'B089F3YLN6', 'B094VK946F', 'B0B18TWX8R', 'B0B18W8DB9', 'B0B18V9BXJ', 'B0B18T4YH3', 'B0835F3476', 'B0BJKBJCVJ', 'B0B18QD4S8', 'B08CDB4YZG', 'B094VP5H7L', 'B091HS3Y84']","['B017DL5O7M', 'B0B18Q1P2D', 'B001KYTULU', 'B00C44KUDC', 'B00C44KUDC', 'B001KYTULU']"
"['B09KBHT6MM', 'B0BCP3WFD7', 'B09YRC31M8', 'B0BCJ6SL9W']","['B0BJQ32QRL', 'B0B9931FCR']"
"['B00VIVXES0', 'B01LQAJJJU', 'B079X2HDZQ', 'B00FLSG35C', 'B00UTSJCVG', 'B00FX0OI6O', 'B001E97B4Y', 'B01CPISURE']","['B000KU92UE', 'B000KKLZJA', 'B000KKLZJA']"
"['B08N53ZJN4', 'B08N55L75S', 'B09RX3G7DN', 'B097Q6HS8T', 'B07L169BTS', 'B003XV92B6', 'B000I5SAYK', 'B07F2M8TC2', 'B005X5AFT8', 'B08Y59VWDP', 'B098X6GV2B', 'B07CTRZSGD', 'B098X95LGF', 'B002BF6WYU', 'B07DNNC5XM', 'B09NYC27D2', 'B005X5O0XU', 'B0023LFWDE', 'B002BB97MS', 'B07Z6LV5SG']","['B002BB0D9E', 'B000KJR70M']"
"['B07FDH9J13', 'B00DRC7IV2', 'B006CG5IAI', 'B001DZELA6', 'B00NNK36J6', 'B01EJK5H6I']","['B00NNK36J6', 'B00NNK30YC', 'B00NNK30YC', 'B00NNK36J6', 'B0045X869U', 'B001E5CDTQ', 'B001E5CDU0']"
"['B09BNYDWXQ', 'B09BNTV9QJ', 'B00Q7UE56C', 'B09JZCQLNP', 'B09ZQP6YP4', 'B07ND9HT5K', 'B09FMXGK3F', 'B09QFN7SYZ', 'B08STDBZ5G', 'B07W4KTD62', 'B07W7TKRJ2', 'B07KX54VHF', 'B09QFX1PZJ', 'B07W5PTR5J', 'B09JWF6HNV', 'B09YQSNYWS', 'B09QFS4H32', 'B0BF4673FB', 'B09JWC2YXS', 'B00BSV66TE']","['B09BNX11LQ', 'B09BNSL6FB']"
"['B087X2TW2Z', 'B087WV54X4', 'B087WQSLXQ', 'B087WT4LSN', 'B087WP4M38']","['B087WP4M38', 'B087X2TW2Z', 'B07X9NX5QZ', 'B07KNTPTXK', 'B07GNRCK6W', 'B0855FCZRW', 'B0855QFD7P', 'B07X9NX5QZ', 'B07KNTPTXK', 'B07LGFC75F', 'B09TNFJX22']"
['B0B7HZCBR5'],"['B0B7HZCBR5', 'B08L6KV9TJ', 'B00DG1HHL0']"
"['B0B8YNXQMN', 'B0BF5Q6QM2', 'B0B938QJBM', 'B09XM2M5S5', 'B0B935S65L', 'B0BF5SNGXM', 'B07QZHN564', 'B0B935D3BB', 'B089NRDQ4K', 'B0BC7XPPWP', 'B0BG5JBQB4', 'B0B935N6T2']","['B0B935S65L', 'B0B935S65L', 'B0BG5JBQB4', 'B0B935N6T2']"
"['B08D9BPT2Q', 'B0932BDN5W', 'B01K22NGT2', 'B07PFMDWWT', 'B08BR9JD24', 'B09N8W8M3H', 'B08ZCSSNYB', 'B079NLFBFB', 'B09YYRJWCH', 'B08SY2HMC7']","['B07RGB92FF', 'B07RGB92FF', 'B01K22NGT2']"
"['B0BHL8R1FG', 'B0BHL2GBR3']","['B0BHL2GBR3', 'B0BHL8R1FG', 'B0BHL2GBR3']"
"['B07D4JG51Z', 'B084N3JLFF', 'B0876BLB35', 'B08CHN1T4J', 'B08CHP4WBC', 'B084N3TWGJ', 'B09C96C4VP', 'B09C95DKKV', 'B08CHMC4T2', 'B084N3T1WS', 'B09C95Z37G', 'B09C95BH2P', 'B09D3TXRWY', 'B09C95P74J', 'B084N3M28P', 'B084N3ZZX8', 'B07V5VR1F7']","['B089T7RMZ3', 'B092DLN74T', 'B092DRL2DK', 'B092DLN74T', 'B084W7T3JN']"
"['B0BG9RQ3LJ', 'B0BFDSW16T', 'B0BFDM7VY4', 'B09HQ2ZGFR', 'B0BG9RMFP7', 'B0BG9Q5QP1', 'B08HHYQ94F']","['B07YMX8PCD', 'B09J4HHWML', 'B09J4HHWML', 'B0BHW9KZGR', 'B0BGLWLD8D', 'B0BG9RH8N9', 'B01L4K1EVS', 'B09MFBNW33', 'B01L4K1EVS']"
"['B08M8ZY9J4', 'B09XV1372C', 'B08L6Q43HF', 'B08M9G58C1', 'B08L6M76C6', 'B098XGMQB8', 'B0BJ1JQNRS', 'B09K51FPWP', 'B095HL2GTX', 'B09LV8B1TK']","['B0BKZFFF3S', 'B091TBS9PG']"
"['B00V4BX83U', 'B00U1YEHBS', 'B00U1YCUGW']","['B00U1YCUGW', 'B00U1YEHBS', 'B075MDC1FX', 'B09JWJY1V4']"
['B09V54H7HJ'],"['B0B96YTMVW', 'B09CYQ37NQ', 'B0B315P67M', 'B0B314YBF5', 'B09T2XB3DF', 'B0B5PLNZ8V', 'B0B5PLNZ8V']"
"['B09GK71G1J', 'B092WLYKK3', 'B092WM6KTS', 'B003ZG7CMA', 'B000P566DU', 'B00JQ2AJHC', 'B092WGZNRC', 'B09R14F84Z', 'B01HS7GC6S', 'B092WK7KP5', 'B092WGYFYJ', 'B092WGYGQM']","['B08JYFQ5ML', 'B07G7VZHPZ']"
"['B0784QCQ6B', 'B00L4BI0PQ', 'B00L4BI6UK', 'B077S3FMR3', 'B00L4BI5VA', 'B00L4BI7NG', 'B00L4BI5EW', 'B00L4BI3U8', 'B00L4BI0D8', 'B00L4BI41G', 'B00L4BI8IA', 'B00L4BI1ZK', 'B00L4BHYB2', 'B007N6G968', 'B096NMBQ3C', 'B077S2X878']","['B00L4BI1ZK', 'B00L4BHYB2', 'B00L4BI1ZK', 'B00L4BHYB2', 'B077S2X878']"
"['B07BC8BNY5', 'B0B27B3HZB', 'B088WSRTCD', 'B01LWQ3JQ3', 'B0B27N737Y', 'B00GUXZVJQ', 'B07BC4WJ9V', 'B00GUXZUBU', 'B01LYOHFV9', 'B0B28124KT', 'B00GUXZV7S', 'B01M1XP8ZJ', 'B00GUXZUSS', 'B088WDXV7L', 'B00H4IP38U', 'B00GUXZTOI', 'B01LWQ3DQ8', 'B079JCLPBC', 'B0B4211K19', 'B0B41WNB75']","['B0B3KVX2WH', 'B00GUXZTOI', 'B01LWQ3DQ8', 'B00H4IP38U', 'B01LWQ3DQ8']"
"['B00R6AEAMQ', 'B00R6ADZTU', 'B00R6AEAT4', 'B07TZSGC22', 'B078J68PXY', 'B078HFRM9N', 'B00BG69AEE', 'B079P67YTB', 'B00R6ADZV8', 'B09P43H2Z3', 'B00BG69ACG', 'B07NXTGT4H', 'B06XY4HLZR', 'B07T4TV3BQ']","['B00R6AEALW', 'B00R6AEALW']"
"['B019W17SXO', 'B019W17SY8', 'B01NAYXL8X', 'B0718ZSFL3', 'B06XKD1PNH', 'B019W17T0Q', 'B07JNVSLTP', 'B07JQF2Y3H', 'B07PPJ5J48', 'B019W17T42', 'B0722LD4RH', 'B001RYOPV8', 'B073QRXB9B', 'B075G173VQ', 'B073QT9968', 'B0B3S92NZZ', 'B07JQF2KTS', 'B07KSN6T4P', 'B071F9HX1V', 'B00EC7ULM4']","['B07PPJ5J48', 'B0722LD4RH', 'B019W17T42']"
"['B08VN8MMTS', 'B08VMRHP2B', 'B08VNGQX4V', 'B088FB464P', 'B08VMZF9LT', 'B084Z492PW']","['B08FRDSKK8', 'B084Z492PW', 'B08FRDSKK8', 'B08VWZ9MBC', 'B084Z36PYJ', 'B08VMVD7L8', 'B08FRDSKK8', 'B0BFP88R66']"
['B0BLHTRT5X'],"['B006BJ5E1E', 'B0BLHY457V']"
"['B01HPA45C6', 'B010B2LLOK', 'B07TZJWF1W', 'B0768G96ZY', 'B010B2KZJC', 'B010B2LK7S', 'B010B2L04G', 'B016XT0N76', 'B010B2LLFE', 'B010B2LKF0', 'B000BRO5EE', 'B01BGVNGW0', 'B005TJXL2G', 'B000BOCUS0', 'B06W9KT56R', 'B016XT0HM2', 'B00J0B8HWI', 'B001F0RDUE', 'B0057X5LK4', 'B010B2KZNI']","['B019H6479C', 'B00UL6JHMU', 'B00UL6JHMU', 'B010B2LK7S', 'B010B2LK7S', 'B00UL6JHMU']"
"['B0029DLR4Y', 'B0029DJOS0', 'B092WGYGQM', 'B01BIS5P8O', 'B092WGYFYJ', 'B092WLYKK3', 'B092WM6KTS', 'B01G7H4KQE', 'B09XLPQYV6', 'B0BH4ZF8BT', 'B09RNC93PC', 'B07HMDWJK7', 'B07PB4Y873', 'B003672Z3E', 'B092WGZNRC', 'B09R14F84Z', 'B01HS7GC6S', 'B002J0XZWY']","['B092WM6KTS', 'B0029DFVP0', 'B01BIS5P8O', 'B0029DFVP0', 'B00PUCXHNU']"
"['B07C2QNZR4', 'B07C2MC28L', 'B07P8RN1V1', 'B07MJJCVVK', 'B07C2KV5M5', 'B0B97VTX4Y', 'B0BFQMZBF2', 'B07PCRLTRK', 'B09BVC4J2R', 'B0BKFXSM6Q', 'B082W336WM']","['B09TVHSVMR', 'B0BKFXSM6Q', 'B0BFPQDXSG', 'B07C2KV5M5', 'B07PCRLTRK', 'B07C2KV5M5', 'B07PCRLTRK', 'B07C2KV5M5', 'B07PCRLTRK', 'B07C2KV5M5']"
[],"['B09LMJ84NH', 'B08JQD5N5W', 'B09LMJFV1X', 'B09DP82MV4', 'B09DP959JG']"
