top_k_predictions,user_intent
"['B07YSZZYBB', 'B09J3N5C2K', 'B00CXAOTCK', 'B00CYA5QXK', 'B0081YFKY8', 'B0042FTT88', 'B07W46JLMX', 'B001DYO4KY', 'B01BF6S1GC', 'B07W68J6BV', 'B00OY2PBUO', 'B078WXY5NM', 'B08PFZQNVG', 'B09KN6JY9P', 'B00GFTLD60', 'B0B7DTW3QJ', 'B00BMGG032', 'B08L46YDDK', 'B08F7VTN27', 'B00FF78WEE']",The user might be looking to expand their collection of Kilner jars for different preserving needs in various sizes and styles.
"['B0797QCXTJ', 'B07N9MDR5B', 'B07986PJ6N', 'B0797RDXLD', 'B07SC58QBW', 'B09FYGY1PT', 'B085FRN3ZV', 'B09MGGPVML', 'B09JYFCPRF', 'B0B6FSVX46', 'B09MGGF9JG', 'B08PCD9K1Q', 'B07N9MV9ZH', 'B07ZQJ89RV', 'B08PCFB3NY', 'B09JY6YYVD', 'B08PCFKJLL', 'B07WW7KWYD', 'B08PCCS7PH', 'B08PCDKD6G']",The user might be looking to find a budget-friendly Apple iPhone model with a renewed option in a specific color.
"['B017BF6N3E', 'B07TX8HFB8', 'B001CG85E4', 'B09H2QB6H1', 'B0BHSYZ9V9', 'B08B8GDLSH', 'B004WJ0HVM', 'B004WJ0I9S', 'B0BJ7KWFF5', 'B004WJ0HPI', 'B072BPVXLC', 'B004WJ0KPU', 'B0B8S8JHQH', 'B0BBQYBT87', 'B08R64ZZST', 'B07MZD3ZVF', 'B0B82LX5ZV', 'B001RYNP0K', 'B004WJ0II4', 'B0894HWG1H']",The user's future need might be to find a durable and versatile pet hair remover tool that is gentle on different surfaces and fabrics.
"['B08RG6L8N7', 'B0BGR53QXL', 'B08HG24FJW', 'B0BGPWMJK6', 'B09ZTNVM7H', 'B09CTVB4CS', 'B073FJ7VRS', 'B08Q8ZQJWN', 'B09KKZV47S', 'B09STPZH5R', 'B09HST9561', 'B08KJBHVJS', 'B0874PQHJJ', 'B08PC589QL', 'B07KSBBJ5T', 'B08L12BX3T', 'B07V483F4H', 'B09TLC865H', 'B08MTCVDG1', 'B09NNR2GKF']","The user may need to find a compact, table-top mini fridge for his or her living space."
"['B08X96QYBS', 'B0B5XPGRXD', 'B0B5XHRVFL', 'B0B9JRM847', 'B0BB151WK6', 'B0B1DDS6CR', 'B0B9BM42SX', 'B0B9BMC2LZ', 'B0BHSXQLSX', 'B09ZKG7RWN', 'B0B2JTCS4T', 'B09YDJ5J9X', 'B0BDF1LSWW', 'B0B8MHSFXD', 'B0B4J8YCBF', 'B0025T2QJ2', 'B0B99T4J65', 'B007O7AYYE', 'B09YRT539D', 'B0B11YY81B']",The user may be looking to purchase additional or replacement velvet powder puffs with a comfortable and soft texture for their daily makeup routine.
"['B094VK1733', 'B014DGP9R0', 'B0B4SG34QP', 'B0B18Z7VRK', 'B089KYSGK4', 'B0B2PL859V', 'B094VMSCQK', 'B0BFRFNQ82', 'B003U9V7RS', 'B07V61GN2L', 'B089F3YLN6', 'B0B59BWWFS', 'B0BFRFX4P4', 'B0869GHP59', 'B0B59C4DKY', 'B098BVMZKQ', 'B089KVXX4R', 'B0B24QVJR5', 'B0B254G8BN', 'B0835DXMY6']",The user might be looking for an electric toothbrush with advanced features and multiple brushing modes for a more personalized oral care routine.
"['B07D5VWRPS', 'B082FSFJXZ', 'B082FRMHR1', 'B071WCQQRP', 'B082FSBRKH', 'B0887XGF2V', 'B07XMKWHQP', 'B07BF829J1', 'B082FNRL1Z', 'B082QXH335', 'B097JKJ7NW', 'B00081MHJI', 'B082FRS33L', 'B082FS57TL', 'B082FRKM5K', 'B07G4359GX', 'B00WK720ZO', 'B08454R64X', 'B0B7KKHJV6', 'B09PYTJWFR']",The user may be looking for additional furniture protectors or slipcovers in dark grey for other pieces of furniture in their home.
"['B09VB7WKJV', 'B09P1PYQ8B', 'B084QHDSQ3', 'B07MTKKYCK', 'B0BB3B2WDX', 'B08D3SDPXT', 'B09FKGDBDH', 'B07SX5DCX5', 'B09JC2QMDX', 'B07SSVDPD5', 'B07DK8P544', 'B09NBW4VQG', 'B0837KT18C', 'B0BB3FDDYF', 'B09KN8LTWQ', 'B095NW9YXC', 'B0B3HMFHD4', 'B097PSDGV1', 'B09284VBNG', 'B0B11PSFKB']","The user's future need might involve purchasing scented candles for gifting purposes, such as birthday gifts for women or special occasions like Christmas, focusing on luxury gift sets beautifully packaged in gift boxes."
"['B01FSR76BK', 'B07Z19B9NR', 'B09QSC65DM', 'B0BC8HRZKH', 'B08K4SL8ZT', 'B08FJ8LSWZ', 'B09HKLJYTP', 'B004FBMV5W', 'B087CBJ465', 'B0765XFVRJ', 'B0B2QJV416', 'B08XC5LFTG', 'B09TW2NC1M', 'B08JMC7SG1', 'B09KFJKBLJ', 'B09253GWZH', 'B09GPDYBPV', 'B077BG1ZP1', 'B088TRVWRJ', 'B016UQU4NA']",The user may be looking for more family-friendly party games and activities to enjoy with their loved ones in the upcoming gatherings.
"['B0BJYMGRVS', '024139659X', 'B08QCP2XQJ', '1646081633', '0451499123', 'B0BCSBHQVN', 'B096HTXZKK', '0718187725', 'B001E4E5SE', 'B000TAQOMO', 'B08J47LKMK', '0241300371', 'B07ZPLGHFK', 'B00HZVO9FY', '1700644882', '0718154770', 'B07JJPKLJY', 'B09B1CZVWR', 'B019FAXVWO', 'B08NFV6HBB']",The user's future need might be to find kitchen gadgets or tools that offer convenience and efficient food preparation.
"['B08X2V5K28', 'B07D71BPGK', 'B089P2LTHD', 'B0866YQ3ZQ', 'B089P2JB3L', 'B08ZK15LWW', 'B0B5LYXDZV', 'B091G3SLBM', 'B08B5YTXR6', 'B07PDJ9JFF', 'B0866VX6RH', 'B089P347KS', 'B0BJ1893RX', 'B07PDKWVL7', 'B0BGYN4BLD', 'B07PJXG49Q', 'B07H7NFG7N', 'B089P2B224', 'B00XBTRZVE', 'B07GB5YK3Y']",The user is likely setting up a smart home entertainment and assistance system and may be looking to expand their Amazon Alexa ecosystem with compatible smart devices.
"['B07CZXNZJP', 'B07W54SV4L', 'B07R8V7R9M', 'B08XWHF796', 'B07V2Q1X91', 'B07W53T4B5', 'B07W55XR4X', 'B097SQR8Y7', 'B087CXD54G', 'B08GS5KSJP', 'B08LBLGBMB', 'B07XRMXRK9', 'B001DXI42Y', 'B09ZH5WBJ2', 'B08W7YM5LZ', 'B00MURDWW4', 'B07PKTR9QF', 'B088LLYY16', 'B0052FZ35A', 'B06WLKXXX9']","The user may be looking for additional mailing solutions in different sizes, colors, and price ranges from brands like Straame and SurePromise Limited, made from plastic material."
"['B00JJ10XBC', 'B00RN2FL7K', 'B00JFC4OX8', 'B08KT7X5JX', 'B0B5RYJQ38', 'B09NLMGN7Q', 'B09NJPNF53', 'B0181BROKI', 'B08WQBVWGC', 'B08WQFTSYW', 'B0189BFVF0', 'B001DXNRZ8', 'B08WQD4LT4', 'B01N07YKT1', 'B07ZD7BWR9', 'B006GB1VDW', 'B08WQD9J88', 'B001DXNRH6', 'B001DXNR8U', 'B08XZ9KK8L']",The user is likely seeking long-term relief from IBS pain and discomfort and may require a larger quantity or variety of Buscopan IBS Relief tablets.
"['1646081765', 'B08FGP4WC3', '1635785030', 'B075LGSMMZ', '1091878838', 'B08GZFSQYY', 'B084B1BLLF', 'B09XR2Z8H1', 'B09HR5FPRW', 'B08KBQS8YG', '1948209101', 'B08FHVZD1R', 'B08TR4RQM2', 'B00STBQDO4', '1952842379', 'B0BFW8FXW7', 'B08LT9CTQJ', 'B09VPQTJ14', 'B0B31LDVH8', '1646081293']","The user may be looking for educational and interactive toys to help their child learn letters, words, and other early developmental skills."
"['B0168YH46O', 'B00BG5CUMY', 'B07Z19B9NR', '0008306532', 'B08XKF6MQX', 'B098B2XJJ6', 'B000CFWFYM', 'B08FH27V9Z', 'B07Y94Y3JL', 'B01L22XX9E', 'B09N3G5L78', 'B082XNDPVK', 'B000HWXG0M', 'B07XP977VD', 'B098B1C912', 'B07FWHJHTH', 'B081GJY1VX', 'B082BG4W4C', 'B00ID9Y948', 'B094YMN6TC']",The user is likely looking for more interactive and engaging card games suitable for children between the ages of 4 to 7.
"['B079Z1CW3X', 'B015T6YNBG', 'B08DJ9DZWS', 'B07DWWRZ8F', 'B0B2572DL3', 'B09CZ7QY1P', 'B075RD8KBS', 'B08GKHHXB7', 'B08CZPL5NX', 'B08GYDSD72', 'B09L22Z4CF', 'B07GGYWX4D', 'B06XVZ6F2C', 'B07ZFHJCBG', 'B09DCN23PN', 'B09DFGDXH6', 'B09B196785', 'B09JWLC3TC', 'B07B2T345D', 'B08757HVVV']",The user may be looking to further enhance their beard growth and grooming routine with new tools and products.
"['B09TW3FBQV', 'B09WHYCXJX', 'B09FK3S86M', 'B09993K7SK', 'B09WHZFG1F', 'B08XX1BF42', 'B09L3X425T', 'B0B8VKDLD8', 'B0B68H4QW5', 'B08ZCNZ7R2', 'B07SM6G1PD', 'B07QVNT92J', 'B08T641G9B', 'B09VBPRYCC', 'B09KGMLNKW', 'B099WTGLSD', 'B09WTMDWCS', 'B0789XB6CK', 'B0BBTD1NJH', 'B0B9M6Y61R']","The user may be looking for a versatile bedside lamp that offers wireless charging, touch control, multiple color temperature modes, and a modern design for their bedroom or office."
"['B0BCPLSJBD', 'B0BJ8SB824', 'B0BJTMRT5C', 'B0BJ8QKBVW', 'B07PZR3PVB', 'B08KDJL6PV', 'B09YLWY7V8', 'B083RYKXC6', 'B0B2W6Z5ZW', 'B09HLDMN7J', 'B095BZZFRK', 'B0BBVKLSGS', 'B08YDN24LL', 'B0B469HLNL', 'B0BFLGXZTX', 'B07BDJM4ZM', 'B09HLDKDHL', 'B09X3GLQGY', 'B08MWWS5RT', 'B092D6FMFN']","The user may be looking for additional accessories or products compatible with fast wireless charging for their iPhone, Samsung, Google Pixel, and AirPods, such as adapters or cases."
"['B099FGCBY8', 'B09WH5VWJ2', 'B09WGVRBXS', 'B087QFNGGG', 'B09WGZDTLJ', 'B09WHGZQBV', 'B09WH6CHYY', 'B087QF89W5', 'B07QCVZFSN', 'B087QGV3RP', 'B07R8XQG2V', 'B07QJY95JF', 'B08BFG8BCK', 'B0992LVRHY', 'B0995YFB5X', 'B087QGDCXS', 'B07SMNCMGD', 'B08P7D3H2N', 'B08B8BQK7M', 'B0B81ZLWL5']",The user might be trying to stock up on essential school supplies for the upcoming academic year.
"['B003SYKN5C', 'B00IPKB5TC', 'B07KT84S5P', 'B0B5SW2GG9', 'B07XJKYJVF', 'B07R592TT9', 'B09FB2PR3G', 'B08ZPQG3SV', 'B09KT4TN6G', 'B09VPTQJC8', 'B01KTHYPV8', 'B0BF1477CK', 'B09KT5QV4J', 'B08QW43S2L', '6041510157', 'B09KWKYXNP', 'B088DPRZP1', 'B09LR7CXQG', 'B09JRPLMZC', 'B09LMFMWLT']",The user may be looking for gift options for various occasions or events.
"['B093XPSPPT', 'B09NL325CN', 'B07VD91NBT', 'B09QT55HQT', 'B08YGQJF4L', 'B082P461RH', 'B08KGYRZQ7', 'B09X1SL6LR', 'B08KWN4652', 'B09DC9WSXL', 'B09954YTPX', 'B0000ZQT1O', 'B09956P26D', 'B08HKPXCT9', 'B0BJ7H3DR9', 'B09DCBD1WG', 'B09L64G7JJ', 'B08CZBMNMF', 'B09TKL4TV8', 'B09H756FQM']",The user may be looking to upgrade or replace their remote control for their Sky+ HD or Sky Q digibox with a newer model featuring voice control capabilities.
"['B09WT9VH7P', 'B09WV5X21P', 'B09WTRYKLJ', 'B09WTX2TPK', 'B0899MMZC7', 'B0B38YQVL9', 'B07VJLJRW5', 'B0899RPPRD', 'B081R4SM86', 'B0BDRY1CYL', 'B0B4JPZMCZ', 'B0899KM2JM', 'B07Y7ZMF3Z', 'B08B8ZMK2X', 'B0B4JQPGGZ', 'B09N27RRRZ', 'B08FBG5KP2', 'B0B4DLW8W1', 'B09N28NJC2', 'B09FLCDT7R']",The user may be looking to replace their existing halogen spot lightbulbs with energy-saving LED GU10 bulbs for a cooler white light at a more affordable price point.
"['B09ZYFDXJF', 'B08GDJF7T6', 'B09C625PRN', 'B00TZ8LGGU', 'B0B8TCF7WY', 'B00J2H2ZIW', 'B01GJEBE4G', 'B07SGCKGXQ', 'B09MQXXKKL', 'B07FB4W5TM', 'B000TASKO4', 'B00I0C9DZI', 'B079DGC94T', 'B071Z186TY', 'B00P9ADTJU', 'B08M3M1NT4', 'B00JXMHYXW', 'B018KI5AE4', 'B0863RZFFN', 'B01KHFSBN0']","The user may be trying to organize their daily activities and hygiene routine, suggesting a need for convenience and efficiency in planning and skincare products."
"['B09THQ37HM', 'B0B82CYX83', 'B09P3F2HTD', 'B0B82D77WK', 'B09M9JDSKZ', 'B09M9KNZWJ', 'B08TVH7QHT', 'B09M9HQXSV', 'B0859RF8K1', 'B091MBT227', 'B09W64FSVW', 'B09M9KDHV2', 'B09QM9PDN9', 'B09M9LBLW1', 'B09TB3WC9Q', 'B09TB3LZFC', 'B096R7LL5Y', 'B0BCDTV2LF', 'B09M9KYZDM', 'B09Q622QX5']",The user might be looking for products that provide safe driving and protection for their mobile phone while on the go.
"['B07N7JRR1G', 'B09SPPZNK4', 'B008B6VYJ6', 'B015N41XSK', 'B084HT2N3G', 'B0B9677WWM', 'B07D7Z2VVG', 'B088KCZ58K', 'B0036TGO2K', 'B001FTS3KE', 'B09NQDP3FL', 'B096LS175Y', 'B075GRPZQ2', 'B07RPY195C', 'B08SWN54Q1', 'B0B252XL5D', 'B0857J8TBP', 'B097F9CH2Z', 'B07MVY52CW', 'B09YR5SWNY']","The user may be looking to upgrade household safety devices and improve bathroom comfort and maintenance, hinting at a need for home safety and convenience solutions."
"['B0856SSDPJ', 'B086X42P9Y', 'B077J2CWHS', 'B079G3B5LX', 'B085DRJ8VM', 'B09YG42TH4', 'B09PFX3MXD', 'B07WCBD6YC', 'B0853KVYGJ', 'B0B18V9BXJ', 'B0B18W8DB9', 'B0B18TWX8R', 'B0B1QF6ZRS', 'B005S3YGNG', 'B07YXFFRZY', 'B09PFW5PRF', 'B0B18QD4S8', 'B0B18SR5V4', 'B0BJ7KTPWN', 'B0B18V2JRT']","The user is likely looking for additional teething toys or accessories for babies, specifically in colors like green, blue, pink, or featuring Gigi Giraffe, and within the price range of $5.99 to $10.00."
"['B09489J8FV', 'B09FPWQM6R', 'B082SZXBF2', 'B00HB8G2UG', 'B077PMG1V7', 'B09VDG2PQ1', 'B01MEI17BG', 'B0BCH5GJM1', 'B01N4G1P74', 'B0979HB7XC', 'B075QGL65N', 'B08V5F2NY5', 'B08V5FB6NH', 'B0BGQFPSHY', 'B093163MTP', 'B09NL6SH8J', 'B07CZGVXKY', 'B07CZFZTCW', 'B0B5XLMP28', 'B08YMQPMP4']","The user may be looking to further enhance their gut health by exploring new probiotic supplements with advanced formulations and clinically studied ingredients, potentially focusing on targeted support for vaginal flora and urinary health."
"['B012G0Y2E6', 'B09TDXSDML', 'B08479GHGQ', 'B07VGNMF8S', 'B09TDG2CKH', 'B07L75VSNT', 'B09X7FFTSV', 'B07KDWD1ND', 'B08MCSMH6N', 'B07KDWDHKJ', 'B08B1GJQR6', 'B09X7GVWBR', 'B01I519T8O', 'B09LJTZDKD', 'B09LZ8BN9D', 'B0982F723K', 'B088Z4DNJX', 'B0BJTR7H95', 'B08JYLTRX7', 'B0BBTTK7FL']",The user may be looking to upgrade their electronics protection by purchasing durable screen protectors with anti-shatter and anti-scratch features for their iPhone SE 3/SE 2.
"['B09GFT4YD2', 'B093H6QJK5', 'B08BBF5P97', '6199142705', '1646084853', 'B0939QPXHQ', 'B09KY1NP58', 'B09VKS659N', 'B0B9LY8BSN', 'B094SFK36W', 'B09XKFR9W2', 'B085L2P8J8', 'B07D7YHP44', 'B07R4V7KYF', 'B085QMTL6S', 'B085DBWSBN', 'B004XCFJ3E', 'B004TTHD9O', 'B097K62T3J', 'B081NF7Q7F']","The user may be looking to enhance their self-care routine and relaxation techniques before bedtime, indicating a potential interest in exploring more products related to wellness and relaxation."
"['B0BDMF326P', 'B07ZH7PWVJ', 'B0BHZJ4RYM', 'B0BHZHV727', 'B0B7CW1283', 'B0BHZ8FFMM', 'B0BDM9J2CM', 'B0B34MDHJY', 'B0BHZ7XZPM', 'B08LNLKHCX', 'B08LD9476P', 'B08P2XGFCB', 'B098D7FDZH', 'B0B9BFL5QH', 'B09J4PX3N2', 'B07YJVM2H2', 'B0B9BF4R7P', 'B08HH81XJF', 'B09FM5ZYDC', 'B0B56PZQ26']",The user may be looking for additional Christmas-themed decorations like festive lights or garlands to enhance their holiday home decor.
"['B0BDF53QTS', 'B0BDF4QR7L', 'B09SLJFL1S', 'B09WXDXSK3', 'B09DG37WGP', 'B093BTP57Z', 'B093BTQF3P', 'B093BVGR6Y', 'B01E1B02H4', 'B01E1B02M4', 'B09V6FVG45', 'B0B3M53TML', 'B01E1B02CY', 'B01E1B02G0', 'B09F528DZ8', 'B0B18HHD49', 'B0B18GVHKW', 'B0B18HM3FM', 'B07QWNDY5P', 'B09V7WVXCH']",The user is likely looking for more sports socks with anti-slip features and moisture-wicking properties suitable for various activities.
"['B08RY7V2VL', 'B08RY5FZNF', 'B08RY64CF4', 'B01C6V5IVG', 'B09QQH9GPD', 'B00D8X0IUS', 'B00D8X0JDE', 'B00D8X0IGM', 'B07J54D6BK', 'B07W6NBPHX', 'B0BCKHGLYD', 'B015AOGP1S', 'B08RY5YDYC', 'B08RY5P5LT', 'B07G71DZW6', 'B0BDG4S5FZ', 'B09JD4T3PW', 'B0157Z0PQG', 'B09JCN5TZN', 'B09NCDFRTB']","The user may be looking for a compact and portable dehumidifier for small homes and outdoor spaces to prevent condensation, mould, and dampness."
"['B07Y2TZ6WT', 'B08H273YPR', 'B07RDH8XJ4', 'B01LL9VAB6', 'B01LL9VAFC', 'B01LL9VACU', 'B01LZWFQUU', 'B0BFF185J7', 'B0BCDKXQDB', 'B0B6DC5SHJ', 'B0B9S1SFJW', 'B09MS9D7G9', 'B097RM2QZ7', 'B09D7TJ9V5', 'B0B74C1DHY', 'B09ZV6BWN4', 'B0BHZJ4RYM', 'B0828YBTZM', 'B096DHT2Z4', 'B0BHZHV727']","The user may be looking to enhance their indoor or outdoor decoration with eco-friendly bottle lights for various occasions and events such as parties, weddings, Christmas, and Halloween."
"['B09S5T4V7Y', 'B08JW5DR79', 'B09DSMRY3H', 'B095WRRS9G', 'B0B7VSXSL5', 'B097SBDTT7', 'B091CK241X', 'B08JW624NN', 'B0B9GJLV2D', 'B08FQSWLWT', 'B0B51MHS12', 'B077YLDC5N', 'B087VMGP5G', 'B08SRMPBRF', 'B0B63HRLQ4', 'B0B21695QV', 'B07GH972NS', 'B08H99BPJN', 'B07H4MPJ5X', 'B07SDFLVKD']",The user might be looking for a new Xbox Wireless Controller with customizable features and a unique design to enhance their gaming experience.
"['B082PLLKDK', 'B09BFXQ8PM', 'B0BFDR8S4D', 'B086QSWQPB', 'B09LM8W7Z1', 'B0BBTLZD4D', 'B09G2RHG9D', 'B082SWVCQJ', 'B0BBMBDSYH', 'B001Q92PDE', 'B08KW77QBC', 'B09KRHF2XD', 'B082SX5S2Q', 'B01MXYJM57', 'B09KLFMQ3S', 'B0BC84T43M', 'B08FMR21LC', 'B0BF8XYBGS', 'B08BHN5YV2', 'B084RTSXP2']",The user is likely looking for additional heating pads with similar features but in different sizes or heating settings to cater to different parts of the body or preferences.
"['B014QYXOEY', 'B076QGPZ83', 'B0B2K134K4', 'B07DHMZV67', 'B09YM898SR', 'B08C34199M', 'B0BB33ZZKX', 'B00P7SIVAQ', 'B01MR5SH9Z', 'B0B8B36BCD', 'B00CTQ1106', 'B0B4DG96RM', 'B0B7R1BS4H', 'B096SYCVPL', 'B0B6MNTM3W', 'B014DGOOJO', 'B00J47GLO4', 'B09254X6GG', 'B005CHRJL4', 'B073T148SZ']","The user may be looking for dental care products that can help with tooth sensitivity, enamel erosion, and teeth whitening."
"['B0BGP4HGDG', 'B09TKBXHGC', 'B098P942FN', 'B00DBZHU2M', 'B00P582EZG', 'B000MM29QY', 'B07ZQGB9SX', 'B08LLFJW18', 'B06Y483TG2', 'B08XBF5BL7', 'B09HMY66LP', 'B08B8MJCN9', 'B000A42CO8', 'B09BW4GL7W', 'B09RFC3TQ9', 'B09FWYFY1J', 'B07VZX5WTB', 'B08P5P96F6', 'B08RJZ21YC', 'B092MK4PB2']",The user may be looking for educational toys and games that promote problem-solving skills and STEM learning for children aged 4-8 years old.
"['B08QW1TGDB', 'B08D9JDG6M', 'B09CGCD7T3', 'B08D9GDTH5', 'B0B5XQ3BZL', 'B08PV7TLQY', 'B0B5XNK2D3', 'B07WTZSKW7', 'B0BBR3PPZS', 'B006O6LWD8', 'B01M34MAPI', 'B07FKRYMZF', 'B07WRTLH8Q', 'B08VBF1LLY', 'B07XB6PLRY', 'B08GP3N42R', 'B094Y5RTY9', 'B07HMYQ8RB', 'B09JP715YK', 'B09BF7WJR3']",The user may be looking for additional pet heating pads with adjustable temperature settings for different sizes of pets.
"['B087G7JB8M', 'B09Y2MYL5C', 'B08HDBZNZ9', 'B09291PJRQ', 'B00N3WWM58', 'B0016MNAAI', 'B09FF244QP', 'B09Y2LL45F', 'B09Y2HHL3R', 'B0BJPSBG8B', 'B09Y2HBXN8', 'B00N3WWM4O', 'B09NY399VW', 'B09GG73NQQ', 'B09PZL6B6S', 'B08BR3FXFR', 'B0928ZDFGQ', 'B08C7KG5LP', 'B08C7KCJF5', 'B0B6VR3W28']",The user may be looking to upgrade their current headphones to a model with advanced noise-canceling technology.
"['B0BDLN1NNC', 'B0BHZ8FFMM', 'B0BHZ7XZPM', 'B01EM8XQWO', 'B08JB74H5C', 'B08CX9ZNQC', 'B08JBWTN6C', 'B08LD9476P', 'B09BQXR7PY', 'B09H2MYZXD', 'B081PWRXCP', 'B08F36GFNV', 'B07BFJ3YVY', 'B08DF8YVWF', 'B094Y3Q51K', 'B09GYDW3C7', 'B0BHZHV727', 'B0BHZJ4RYM', 'B071JW4G6Q', 'B09H7RVWXS']",The user is likely looking for additional Christmas decorations or related products for holiday celebrations.
"['B07CGKZSCF', 'B00004YRPE', 'B09R18MMWD', 'B09BZF7YVM', 'B08ZNFNM99', 'B074RPD49S', 'B0B1BPPZ2G', 'B07XH4QBKS', 'B08JD14TMQ', 'B0B1BQP488', 'B07XB3JFYZ', 'B000B6MKMO', 'B08923S27S', 'B09QB7JKBJ', 'B086VX8G2M', 'B07XD6F53G', 'B002ZCZ0F6', 'B08WKH1XDC', 'B08ZWMPCH2', 'B0B1BJTKPB']",The user is likely looking to expand their Hot Wheels collection and enhance their racing experience with additional cars and track accessories.
"['B08HWWBJ57', 'B08DXHLWMY', 'B07M9RHKXC', 'B08DXWPD8M', 'B07FLTDM9J', 'B08V144XH3', 'B07ZN7MRBY', 'B09GJKWFNH', 'B00004TDLD', 'B09XB62BQW', 'B079FQHTBG', 'B0B3S51YCH', 'B00I4QB4HA', 'B011RJE50S', '1782946489', 'B08YM8P31L', 'B07ZN7TKSW', 'B0B3S5XKYC', 'B0BGMJ8G1T', 'B09YS6HM1X']","The user may be looking for additional educational and decorative items for their home or office, potentially related to geography or global themes."
"['B003Y3UI9I', 'B09L1DX5P7', 'B0BHSYZ9V9', 'B0B9B61NWW', 'B01M8I4LHU', 'B086X88DWY', 'B0050HYR7K', 'B086X8821Y', 'B013MARB24', 'B093RYSM81', 'B00AGH4OOA', 'B08VNKV9GL', 'B07HM7VXBK', 'B07TMRS3CR', 'B07H2HFWQD', 'B01KMB5XPS', 'B087DZQRPW', 'B09J57M63Z', 'B09ZLLJVZM', 'B09ZLNM5HF']",The user may be trying to maintain cleanliness and hygiene by looking for products to effectively clean pet cages and accessories.
"['B0926G863F', 'B008FRO4MK', 'B08GKY6ZQH', 'B07NF6416M', 'B09WW2SBDQ', 'B006EI0OLM', 'B0926KCST1', 'B000TASKO4', 'B00FEE92FQ', 'B001SF0I26', 'B00EPGDZYS', 'B00FEE1DLM', 'B01G6XKVY4', 'B09CZZHCXD', 'B07BKFCH8H', 'B00792C4ZG', 'B01BYG1ITU', 'B008KZQKZG', 'B012NOWOAO', 'B06ZXX84Z7']","The user may be in need of additional products for intimate care, such as pH-balancing washes or creams for relief from itching, burning, or irritation."
"['B09KBZ1TZS', 'B09KC3MVJC', 'B09L8GDXMB', 'B0052CV77G', 'B09L8DHMGS', 'B0BGYCLFRV', 'B08W28SK4X', 'B08W1YLW3X', 'B08V1ZBK1R', 'B009S56UCU', 'B06W2JSP7J', 'B01C6V5IVG', 'B00641IOIE', 'B00PIQ0RH2', 'B08NPTTVD8', 'B07HNXH8MT', 'B08NPT1NTR', 'B0052CV5GO', 'B0BD5WNBBP', 'B08NPR3N5P']",The user is likely trying to solve indoor humidity issues and combat condensation and musty odors in a medium-sized room.
"['B08BHTXYCY', 'B09TXP63D4', 'B08J2TZVTT', 'B0B2V3MWP6', 'B0BHHQ75PX', 'B08KQJTNRX', 'B08LKZ6VDK', 'B0B5ZYL2M7', 'B0B4WS5WGN', 'B08L1625DZ', 'B088K43RZS', 'B074N9FDKL', 'B0BD7ZWRTS', 'B095C2B19V', 'B09QYP3KL1', 'B09QYNYB9G', 'B0B92KW3MY', 'B0BD7TJKZP', 'B0BLCMD1CX', 'B096BMBW4H']","The user is likely looking for a gentle and effective solution to remove ear wax buildup at home, without the need for ear pick tools or cotton buds, making it easier and safer to clean their ears."
"['B09M7DRNL9', 'B09LMF4P1R', 'B09FQ63HQX', 'B0BGSN56VQ', 'B0BCL3RHNX', 'B09KCKZJJ6', 'B0BJJD7DT7', 'B07Y384XDP', 'B0BGLFWJFV', 'B09GMY33F6', 'B09FQ68BCP', 'B09FM3JMK2', 'B07HK7TL69', 'B0BJF95PX1', 'B075KKZRC4', 'B0BCL5R4R4', 'B0776TV6KZ', 'B08KLS2N83', 'B0BKST6JYL', 'B09J91VVZ9']",The user may be preparing for the upcoming holiday season and is likely looking for more festive and delicious chocolate advent calendars.
"['B0B3LJQMPM', 'B0B3M2B3L3', 'B094WDQK1X', 'B0B6GZZDXX', 'B0BFBQ62N6', 'B0BFBQYX4X', 'B08R9H1S8S', 'B07Y3T2XXV', 'B0BD4TS5DX', 'B09QLXNPCK', 'B095PMMWTW', 'B0BFBQ6TYQ', 'B0BD4VBNXK', 'B09YCDP1YY', 'B0965SCKK5', 'B0B6PQKG78', 'B0BD4TZ2MR', 'B08LDQRHZR', 'B09Y2257MH', 'B0BB781HQS']","The user is likely looking to expand their tablet collection with a new color option, possibly interested in a tablet in a different color than the ones they already have."
"['B013XC64J2', 'B003UYTLY4', 'B0BF5NDRZP', 'B01A95KS4S', 'B095NX64S1', 'B013P0MGJ4', 'B098P4WMBZ', 'B08173JJKS', 'B00U00MEFO', 'B01H5N2070', 'B07K7HRPRZ', 'B0012RZA3C', 'B00Q5I40YS', 'B01H5MSO4E', 'B07V46137R', 'B0001OZI4I', 'B07D7SY3HL', 'B0001OZI48', 'B0BDG3S8J7', 'B07D4GCNFR']","Based on the user's purchase history of heavy-duty mounting adhesives and clear glues for various materials like wood, ceramic, and metal, their future need might involve undertaking a home renovation or repair project that requires strong, instant bonding solutions."
"['B08479GHGQ', 'B08Y83GY9Z', 'B08B3D1S18', 'B01JYUH5XQ', 'B07WV4BMGW', 'B08B3M5CJS', 'B07WW6K7JC', 'B0819S2TK5', 'B0B5TLRG6Z', 'B09P375YPX', 'B08B3Q3S5P', 'B09ZDNKHTC', 'B09ZDPVCSG', 'B017H9398G', 'B0B82CYX83', 'B08479DVSB', 'B08CXRZ5J5', 'B0B17DMGN9', 'B09MQHK4CQ', 'B0B1752ZCX']",The user may be looking for additional protective accessories such as screen protectors or phone grips for their iPhone 14.
"['B07JZTVS94', 'B082QV2VLL', 'B09T6KY6VN', 'B09TQK3NMP', 'B08FXBJT14', 'B07RHLKTKS', 'B0B5TH34LN', 'B09LHK5H8G', 'B09V4DMYYP', 'B0B1LRTMBB', 'B08X25RJQB', 'B08GSB6PNY', 'B09HQZ8T55', 'B0971B4GK4', 'B003ZDEQ7W', 'B09V521GZD', 'B09HQ5D92Y', 'B08DMVZM6R', 'B07W3RSC1J', 'B093ZLPC6D']",The user may be looking to expand their collection of safe and colorful toddler cutlery sets with a focus on stainless steel materials.
"['B00I0C9DZI', 'B01DDQLOV6', 'B003BUCB7Q', 'B08VBF7RVF', 'B07FB4W5TM', 'B09HFQX16S', 'B09Z27VXKC', 'B073X2LH6D', 'B00NRBAEYG', 'B09HFN37MZ', 'B01LWV9D8T', 'B01BYG1ITU', 'B09HG34VL4', 'B00VHX8U5Q', 'B00TOG7CKC', 'B008KZQKZG', 'B00TOFCAYG', 'B085L2P8J8', 'B09Z388TMD', 'B08GDJF7T6']",The user may be looking for natural and organic household products and personal care items.
"['B00MH457EG', 'B07895V78C', 'B08WLTN3YH', 'B0964CM2R4', 'B08WLW1319', 'B09648M9XL', 'B0B61H5CKF', 'B07X9S7294', 'B09HNY9LQQ', 'B07DLFZW31', 'B09VC3ZMHL', 'B08PDZ8G58', 'B08PDTJ6X6', 'B07DLCVM1H', 'B07VFLR4XS', 'B09MFQ7YHL', 'B08CVNJNN9', 'B07MHKBDJV', 'B07VHSSG7L', 'B09QHWR5YJ']","The user might be looking for low-sugar vegan protein shakes in chocolate flavors with added probiotics, aiming for a high-protein supplement with minimal carbohydrates."
"['B0B784RC4N', 'B09Y19Z7R8', 'B0BG3F6LKG', 'B09ZKLCKJV', 'B0BG3GRGW2', 'B0BG3CPJQL', 'B0B787PQ19', 'B09PZ38F62', 'B0BFP88WCV', 'B06WD38JTM', 'B0BFP6F4YV', 'B0B4K725Q4', 'B0B4K63SMM', 'B09V6LPSP7', 'B0B2DZYG9V', 'B09TZPH15C', 'B0BFPBBHYJ', 'B08PS2F9RD', 'B0B13ZC711', 'B09T2G2RPM']",The user may be attempting to expand their Pok√©mon TCG collection with a focus on collecting exclusive cards and booster packs.
"['B07Z19B9NR', 'B07Y9WTHQP', 'B005A4VXSE', 'B0BC8HRZKH', 'B0168YH46O', 'B077BG1ZP1', 'B096SL7X61', 'B0168FKRS0', 'B096W2XGHM', '0008306532', 'B09FB369NG', 'B0871GQSHT', 'B00GSSMI1M', 'B08XC5LFTG', 'B08XKF6MQX', 'B00BG5CUMY', 'B079RJLMFP', 'B07LB2HTLX', 'B087473R2K', 'B077NRD2LH']",The user may be looking for more family-friendly board games or card games with varied gameplay and educational elements.
"['B0B6GS2C48', 'B0825TFFYH', 'B085XFLJ5H', 'B09QQRSNBX', 'B0827FYZSV', 'B0B97MXNHH', 'B07F5R8MTM', 'B096KMKWPL', 'B09KXLP2VD', 'B09N8TD4G5', 'B002CZPR40', 'B09C5QCDX6', 'B09QQR4W6K', 'B09KXGV14Y', 'B09FS5ZDMB', 'B08SBRD6S9', 'B09VTK11S1', 'B08TG3WJC3', 'B08FM48TYF', 'B0BCW12CQ3']",The user might be looking for more DIY jewelry making kits or craft sets in colorful and trendy designs within the price range of 11.99 - 15.99.
"['B0BC989FY7', 'B07P57Z363', 'B09GPTKLTC', 'B09FLT9KL3', 'B0BHZ89H16', 'B09M4Y4D94', 'B0B63D692W', 'B0BCJWCQT4', 'B0B889J6QL', 'B0B889Z2R8', 'B0BLY4V9C1', 'B0B4ZFJ1R8', 'B0B4Z6ZKRY', 'B0BC17CLR3', 'B0BGK3CH82', 'B0B4NQB6SC', 'B0B4NWFNBH', 'B08MKVBNG9', 'B0BLXNRGPL', 'B0BLXV6SL5']",The user is likely looking for an advent calendar for children featuring fun and exciting themed toys or accessories priced between $17.99 and $18.99.
"['B08WZN7CPN', 'B0BFP81V4T', 'B08WZ714LW', 'B09BKB4MHJ', 'B096XD2KXD', 'B0B1BMWCXF', 'B09LHZMNQ8', 'B07PNLL26G', 'B08FGKQSSS', 'B09PGP29GL', 'B09PGRCRG8', 'B09PGR5HVJ', 'B08WYTVMLZ', 'B09BK9H8KD', 'B08WYJWRV3', 'B09BK8PJGZ', 'B08FGKJ43Q', 'B085B1VDZK', 'B085B1RC1P', 'B09BK9ZCLC']",The user may be looking for more L.O.L. Surprise! toys and accessories to expand their collection.
"['B0BH5499RJ', 'B0BH53RCN1', 'B008DCS2A2', 'B008DE75SA', 'B01BLRK4V0', 'B0083GDEJM', 'B0084D0S8E', 'B00TOM2SSM', 'B0084D271U', 'B09QMK272N', 'B01FJYDND2', 'B00TOM2SMS', 'B01FLY2H0A', 'B07MS7Q5D2', 'B01FLY2GYM', 'B01N10A1I2', 'B01N9R257L', 'B07LF7ZKCT', 'B00TOM2SNC', 'B084TJC9QW']",The user may be looking for Viking costumes for kids from ages 4 to 12 years old for a themed event or party.
"['1529148294', 'B07NQDHHG7', '1782438009', '1484780361', '1739719522', '1784881953', 'B0991C2NFM', '1529025591', '1784881112', 'B09B7Q23CG', '1784883255', 'B09GKBM3ST', 'B08K4MSZLK', '1441313176', '1788164296', 'B09WK7GS48', 'B08HD89CX6', 'B079C58FKB', 'B0177G8U2E', 'B07VSWGYK1']",The user may be looking to enhance their creativity and art skills by exploring various art activities and projects.
"['B096FTQ6YY', 'B09YTQVG18', 'B09TSMQ75Q', 'B096NWC9GC', 'B093BJK2CS', 'B07W6M92LV', 'B08N65X9W2', 'B08YRRZP9N', 'B07ZJGS9W9', 'B07ZJGSJH2', 'B097SFRZ7Z', 'B09VY32YYF', 'B01I5882X0', 'B09B486QHJ', 'B09TKLCPZY', 'B08JSMR854', 'B09PR4YDQ2', 'B08Z3F9N1S', 'B07RSK7WV2', 'B00I0C3P5M']","The user may be looking to enhance their skincare routine with a new facial cleansing brush and face massager that is convenient, rechargeable, and effective for anti-aging."
"['B010BXCAEE', 'B010DLL5XG', 'B08TC9L3W7', 'B08KFCXL2M', 'B09QMH2H5J', 'B0B59FWK87', 'B06Y1W8XW2', 'B098B3S1R6', 'B0B53H1SDH', 'B0BG2T15YN', 'B0BF5KCQBL', 'B0B59GRB6J', 'B07ZKYXQHY', 'B09N8VLW4F', 'B08CZ89RX1', 'B0B59C9M2Q', 'B0B95F5CCN', 'B09H7B3SZF', 'B08KQHJFS6', 'B09H77M3Y1']","The user is likely looking to organize and manage their busy family schedules and events for the upcoming year, needing a comprehensive family calendar with multiple columns and additional features like pockets, stickers, and planners."
"['B08V8FTM83', 'B0B9BHXSNM', 'B07YYXXJ5B', 'B092J4ZV8W', 'B0BGPWMJK6', 'B0BGR53QXL', 'B09STPZH5R', 'B097JXMYDL', 'B09ZTNVM7H', 'B09167RGT9', 'B09HKFBCTQ', 'B08PC589QL', 'B08T2541M6', 'B0978R6W66', 'B0978SZSFC', 'B01MDR6YQA', 'B0978PTQL6', 'B09P1598XJ', 'B08HG24FJW', 'B09CTVB4CS']","Based on the user's purchase history of mini coolers and fridges for various settings like bedrooms, offices, and travel, they might be looking to purchase a compact mini fridge for skincare and cosmetics purposes in the near future."
"['B08GCTTFQH', 'B006ZY5JN8', 'B01A77GR84', 'B01M5KF5KK', 'B07574TZ7N', 'B01MR5XX3X', 'B00I2DJLPM', 'B07T68RJ8D', 'B012CHAF1W', 'B01M66YMZO', 'B00VZKEYEW', 'B07GDPY7SK', 'B09QJX7M9S', 'B07KYGM9GS', 'B08D6XCDVL', 'B08CVYXFFF', 'B002SYZP7O', 'B075S23PC7', 'B0182IYOJ4', 'B01JIB2T32']","The user is likely looking to purchase a variety of Nutella products in different sizes and quantities, with a specific interest in sustainable palm oil certification."
"['B0B76F3H2T', 'B07XB1CLG4', 'B08GH2FVV4', 'B088GWG6DR', 'B08BYG3QS8', 'B08B3Q65GP', 'B09QMFZTQ4', 'B08GHFP5GQ', 'B0B1C8236D', 'B088FB9L7D', 'B07D35TWRY', 'B09Y5ZM9PB', 'B08HRJVNWT', 'B0B1B65K1R', 'B0B1C8YJS7', 'B0B1C7C1JR', 'B0B1C9V8K9', 'B0B1C77LDH', 'B0B1C8MX25', 'B0B1C8GKKR']",The user may be looking for a variety of high-quality false eyelashes for different occasions and gifting purposes.
"['B0BFGZ69R4', 'B09KYD5S16', 'B08RP48BQZ', 'B09ZL7RJKZ', 'B0B8ZVTQF3', 'B08QW43S2L', 'B09M6N2VPD', 'B0BDLN1NNC', 'B09NRRWX3J', 'B09BV1B4SQ', 'B09FQ9SD65', 'B09M6DZJGZ', 'B09Q5NKRFM', 'B099DXR48F', 'B0B1QL9S93', 'B0B6RVDM85', 'B09STB3BJ9', 'B0B36LW4PN', 'B0BJVYLXV5', 'B09VP96XC2']",The user may be looking for celebratory gifts and decorations for upcoming birthdays or special occasions.
"['B0BFWNW84L', 'B0B5RK6LZQ', 'B08CGCK5SZ', 'B09X35Q74Y', 'B08GKCXG2S', 'B0824R9THV', 'B07ND9JSQY', 'B0824RJ65Z', 'B09X35TCNM', 'B097RBPLWT', 'B08MJKLJQP', 'B082T62BBK', 'B0B5ZSRJXQ', 'B09B7N9K4Y', 'B09HBYLMPB', 'B082T6CH4Z', 'B0721456BZ', 'B08PYNP5BV', 'B082T6K8Y2', 'B09226BNZN']",The user is likely looking to purchase additional Lightning cables for their iPhone with a preference for white color and a price range of $12.99 - $14.99.
"['B09P7ZYLS8', 'B07G5KZ9N1', 'B076XL598G', 'B094DQP6KH', 'B076XHD2NZ', 'B01MTET3QG', 'B076XHC4NF', 'B07Q4XGW2Z', 'B076XRRJXD', 'B08GLDG4NJ', 'B076XVRQDV', 'B07PXLDFF3', 'B076XL6LBN', 'B076XHBQNP', 'B076XHC2JQ', 'B076XTD9YC', 'B076XKLHRY', 'B09TKTVBW4', 'B076XMJFL2', 'B094NTG333']",The user may be looking for durable and stimulating toys for their small/medium dog that provide mental and physical engagement.
"['B0B9TB2W65', 'B00FEE1DLM', 'B00KX5UXE0', 'B07XHNR5DJ', 'B09VDG2PQ1', 'B00GY2KN0A', 'B07M743TG8', 'B08DV5JWTF', 'B08X2WV6HW', 'B09ZY2P3SW', 'B00FEE92FQ', 'B01NC02SCL', '1916446701', 'B081NHCCGS', 'B002E7NHVQ', 'B00EPGDZYS', 'B01CCWEJ6E', 'B09Y9495C5', 'B09Y93RXYL', 'B09Y938FZ8']",The user may be looking for products to maintain a healthy vaginal pH balance and address issues related to vaginal discomfort or odor.
"['B000U51ZKO', 'B0017RRH5Q', 'B004IA743Y', 'B004TGUF9C', 'B07R2BNR4C', 'B084R1YR24', 'B07QZ3MLZP', 'B084R1RVGG', 'B00B1TLOHW', 'B00N1T22M6', 'B002E2LTU2', 'B07SFVHPZ9', 'B00XA00EVM', 'B07TWYXHVX', 'B008227Z7Y', 'B01LND4F8K', 'B00MYA4IHA', 'B07W87ZGRC', 'B00826XU0Q', 'B005335OFU']",The user may be looking to maintain and polish their black and mid tan shoes with high-quality shoe polish products.
"['B092W7H58R', 'B00NFRTVY6', 'B0BCKHGLYD', 'B08RY5YDYC', 'B08RY5P5LT', 'B00HO963A6', 'B00HO962RA', 'B08LPCXMD2', 'B091BDBQS7', 'B078HB6P78', 'B01M10QOZB', 'B01C6V5IVG', 'B07J54D6BK', 'B0995MVXQG', 'B09NCDFRTB', 'B0995LW6HF', 'B0B21D48HR', 'B0894YDG3M', 'B00D8X0IUS', 'B09QQH9GPD']","The user may be looking to further improve air quality and reduce moisture in different areas of their home or other spaces, possibly seeking additional dehumidifiers with advanced features and functionality."
"['B0BL735GH1', 'B0BJPNNNFS', 'B0BL6S35L3', 'B0BJQ781R6', 'B0BKTBS9YC', 'B0BHL5XZ3G', 'B0BHKYHTWT', 'B0BHT8SH6L', 'B0BL3RL8VT', 'B0BL3TPNPY', 'B0BHT92FV9', 'B0BKLRSY3D', 'B0BJK2WT4T', 'B003F2RLSO', 'B0BLH7MQTW', 'B0BHMB34KJ', 'B0BLH7JHCH', 'B0BJDTQW5B', 'B07BFJ3YVY', 'B0BJDTTRW4']","The user is likely looking for a Christmas elf kit with a 12-day countdown, focusing on fun activities and props to create a festive atmosphere at home."
"['B076HQY44G', 'B00BJJZN94', 'B08BXQW7RY', 'B07KT675FN', 'B09LHGTGHP', 'B09WF2FJ62', 'B07432N15M', 'B08KTQ58GC', 'B00XN2WANM', 'B0833R59FV', 'B09DG1GH5M', 'B09KNK5ZTV', 'B07GVDB6TL', 'B086ZR5Z42', 'B09K4YDVJY', 'B09X2WH1BC', 'B07DVQHX44', 'B07FSCCX1P', 'B0967M9G83', 'B0B25RT3D2']",The user is likely looking to enhance their home workout routine by incorporating more advanced muscle massage and trigger point therapy tools for improved recovery and relief from muscle tension and aches.
"['B0000C2K26', 'B005S3YGNG', 'B0014RIL1S', 'B005S3YGN6', 'B0B18TF9F3', 'B00V52QGG4', 'B0B18VWG9X', 'B07HX9LDCX', 'B0042A686O', 'B088G9QT6D', 'B07RP8TC24', 'B0B8VP3733', 'B08K5S2X5D', 'B0899QJSST', 'B08NT6561B', 'B0BGGL5M2Y', 'B09HKZVFXB', 'B08NSW4RFT', 'B0BGGLRCKS', 'B09HL47P3N']",The user might be looking for Disney-themed oral care products for kids.
"['B082RJWHBR', 'B07HBKQK98', 'B0979CX3VD', 'B096WDXR9Z', 'B093143HGW', 'B096WSKCVG', 'B08FY2TBWW', 'B096TBB839', 'B07KFQXBZZ', 'B09KBHT6MM', 'B093K6ZGW9', 'B08R1ZBHY4', 'B08FXZXX2F', 'B09QZJC4QX', 'B09J8XX19J', 'B07B4KKK61', 'B09TBMX2VF', 'B08ND1523Z', 'B09HLDMN7J', 'B09BR13TK2']",The user may be looking to expand their collection of Samsung-compatible fast charging accessories with black color options.
"['B0B5QSVKGH', 'B01HSUQ8IC', 'B08R7PFVKF', 'B07SD7YYXH', 'B000KKLZJA', 'B07B8HBHZM', 'B00MV2KL5O', 'B09QHY1P6W', 'B08NXCTLDF', 'B096MHVCFY', 'B000YQIBM4', 'B076PG75QJ', 'B00NMPMY6I', 'B08L53PSF1', 'B0B9N2NSPJ', 'B08R7T79ZH', 'B08PYVY8TC', 'B087X7FYCT', 'B09MSY8HKW', 'B0012ZTW3I']",The user is likely trying to find products to aid in healing cold sores and minimize pain associated with them.
"['B08C2MHDB5', 'B08C2JZ95X', 'B09JZG4FQK', 'B08G4VMT9Y', 'B0B6HVWYH6', 'B08G4XTMBY', 'B09KQDK13B', 'B09PKBRW6G', 'B08SGL9ZXS', 'B0823N4GL7', 'B0B3S51YCH', 'B08HZ1Q45G', 'B09VGBYFQ3', 'B08HZ1482Q', 'B08ZJ3XMNZ', 'B07R8J2SXM', 'B08ZSVTHK3', 'B07CYWM1CM', 'B08ZJ7HBRX', 'B0BKG9VCXB']",The user may be looking to stock up on office supplies and maintenance products for long-term use in their workplace or home office.
"['B001E5CDU0', 'B001E5CDTQ', 'B001E5CDTG', 'B001E5CDUA', 'B0017TLB1A', 'B004991C3M', 'B096V673NN', 'B001DZELA6', 'B078PN7Q92', 'B01J3ZF6SI', 'B00J2UUKZE', 'B001DZBMWQ', 'B00KCM9LGK', 'B078W94X5Q', 'B001DZBMX0', 'B07G94RTB4', 'B0017TJGX0', 'B01CJT0QG2', 'B0017TN0LE', 'B00DRC7IV2']",The user might be looking for smoking cessation products with specific nicotine levels and patch features to effectively overcome withdrawal symptoms and cravings during the quitting process.
"['B09BNYDWXQ', 'B08W8D36GS', 'B01KJEOCDW', 'B07FNN12NC', 'B082WF8MWD', 'B07W6QBJ84', 'B09QFMZDKL', 'B07KX54VHF', 'B08WX5Q5XK', 'B09BNXBPTJ', 'B09BNVFBPW', 'B0984KWG1T', 'B08WWSXGC3', 'B09XJCCVFB', 'B09W1VG3V4', 'B08W9TBGLJ', 'B08WWNBCC9', 'B09W1WB482', 'B09BNXW29Q', 'B09JJ5SNM4']",The user may be looking for more LEGO toy sets focused on fantasy forest creatures or dinosaurs for kids aged 7 years and older.
"['B09LLQWP29', 'B0762SXP8C', 'B096Q1LLNR', 'B07LGFC75F', 'B006HTXO2E', 'B07M8VL1GR', 'B08MZSQFCR', 'B01KVJILC8', 'B0828CWHPR', 'B07S232LWH', 'B07KNTPTXK', 'B00FMUE932', 'B08DHH1F6V', 'B07JJ5JS9S', 'B017S1LH3M', 'B09YMCKZWH', 'B00B1A32ZS', 'B09969KKYQ', 'B09TNFJX22', 'B08JKBLPMS']",The user might be trying to find a waterproof mattress protector for a cot bed (70x140) cm with anti-allergy properties and breathable fabric.
"['B0B7HZCBR5', 'B07GFC7HC2', 'B0094H1LWQ', 'B08JBWTN6C', 'B08GQ373QW', 'B000MKX564', 'B08GQ4DMJV', 'B00N1ZLWLC', 'B08GQ62Y1K', 'B0957GQP2J', 'B09HQT6GLC', 'B0B68B5QPT', '0552569887', '1534400850', 'B09HQS4DJG', 'B00N1ZLWGC', 'B01MED94GT', 'B08GQ3K6XH', 'B00E5GQBVC', 'B00N1ZJ93A']","Based on the purchase history of Christmas-themed night lights with automatic on/off sensors and adjustable brightness, the user may be looking to create a cozy and festive atmosphere in different areas of the home during specific times of the day or night."
"['B0B3JWZ9FP', 'B0B7QZBVML', 'B09K9XRR9J', 'B09KF269SS', 'B09MMMQL46', 'B09TMT3YN3', 'B09T82YL6C', 'B0BD6V5G4S', 'B0BB5X651M', 'B0BB6CWTGT', 'B0B8BG4W3V', '1674844468', 'B0B9RGLZBP', 'B0BBG8GDN1', 'B08M2LSDKJ', 'B0BKN6BCFY', 'B08JCQKGXZ', 'B0B3952JS1', 'B09NTV4M16', 'B09TW1GTP9']",The user may be looking for additional accessories or replacement parts for their air fryer to improve the cooking process and make cleaning easier.
"['B08D9BPT2Q', 'B09YYRJWCH', 'B089QY4WQ2', 'B089QZMHHC', 'B086F7XRSZ', 'B01K22NGT2', 'B073FFPZTB', 'B01GK6HXB6', 'B089QYKWPK', 'B099F3L5ZZ', 'B07WJJ5SJ4', 'B07J68R3MP', 'B09SJ5DPW6', 'B0B2KDWY6F', 'B0041WD050', 'B0B2KJGBY2', 'B08BR9JD24', 'B003BPX92W', 'B089GMCHSF', 'B07C8117SR']",The user may be looking to streamline their laundry drying process and enhance organization with a multi-functional clothes airer that offers ample space for various types of garments and shoes.
"['B0BHL2GBR3', 'B0BHL8R1FG', 'B07X1NYRG7', 'B08DXG9QSL', 'B08DXVNP18', 'B09NL436Y1', 'B09NJNG14W', 'B07HNPYY5Q', 'B07HNYGLH9', 'B07HNTZD85', 'B09M6SNSG5', 'B07GZBNRSQ', 'B07GZB43JG', 'B07GZC1G2Y', 'B0B8Y97H3R', 'B0B8YBKF8W', 'B0B92WBWKY', 'B09JRWJRD7', 'B0BDK6CFXK', 'B07Y7S6GPT']",The user might be looking for affordable Zolunu winter gloves in various colors for typing and using touchscreen devices during the colder months.
"['B0B4SVVG9Q', 'B01AKBEG62', 'B0757MKNFC', 'B0BGNCDKDJ', 'B085YC23GQ', 'B09TRVLPL1', 'B0757MSKXX', 'B00BJH7BHI', 'B08MW8FXB4', 'B09LGW6465', 'B09L4NZFBD', 'B075S6S6NY', 'B07XFGPNBN', 'B01CYTYSR0', 'B07FTRH7N3', 'B09M2XQ9JN', 'B082YM3SSC', '1785040383', 'B01AKBEG5I', 'B017NPCZMU']",The user may be preparing for the arrival of a newborn or stocking up on baby essentials for the upcoming months.
"['B08KLMVK7R', 'B08KLPP35X', 'B0B5RJ9R9B', 'B08KWNXDNN', 'B0BFDNDMRF', 'B08H5NPHLT', 'B089PY8GXF', 'B0BF8VZCV4', 'B0BHNZ8GMR', 'B0BHWHWMKK', 'B08HDQ58J4', 'B07QKM822X', 'B08KSLFWX8', 'B08H9RBW5H', 'B08HR333ZD', 'B09Z8ZVDBZ', 'B0BF4H4V12', 'B0BGLWBQDX', 'B07D33RKSC', 'B0B5FMHFGV']","The user is likely looking to honor and remember fallen veterans, indicating a need for more commemorative items or gifts related to Remembrance Day and military service."
"['B08M9G58C1', 'B07Y3DBNRW', 'B0B76DN32K', 'B099RFLVM9', 'B0BKFZYQ71', 'B08VW9VQ7H', 'B08M8ZY9J4', 'B09KBM6BR7', 'B0B6194XMC', 'B08L6M76C6', 'B09J52TM8Z', 'B09K51FPWP', 'B093KVQ1HF', 'B09MLRS5B7', 'B09SH2XH5H', 'B0B2DPD5L3', 'B09V2M4L8L', 'B08RNKNJJY', 'B08RCK4VW6', 'B07YX5GC39']","The user's future need is to find a reliable and efficient multi-USB wall plug adapter for fast charging multiple devices at their maximum speed, possibly with smart IC technology and adaptive charging."
"['B06XC41SC3', '1529148294', 'B08CK573VS', 'B0177G8U2E', 'B01J1R7AQE', 'B00CUB778K', 'B08DN9BTMG', 'B08D2DJPD3', 'B09T757LV2', 'B08B648MGR', 'B0114JMGRU', 'B09LZ2GSK3', 'B0B4HQQHXZ', 'B002LSLTG8', 'B00H11QU82', 'B08MD57W8T', 'B09NRJ6Z17', 'B07B4ZLZXX', '886293193X', 'B07NQDHHG7']","The user may be looking to explore more creative and versatile art mediums for various surfaces, such as glass, and might be interested in finding new colorful products for their artistic projects."
"['B09ZHYRFKG', 'B09V53W677', 'B09RZCL74H', 'B09NC14S9G', 'B07T1HH9SJ', 'B09B38412Z', 'B09HQSMSJR', 'B0068KEOEE', 'B003BJSS4M', 'B0B5PLNZ8V', 'B09Q2VJYN3', 'B0183LBYKW', 'B09NC1LWG6', 'B092MN8MJN', 'B09V54H7HJ', 'B007EJ37W8', 'B0966R31ST', 'B09PTWKX24', 'B09D9F24FK', 'B07XBFK4FQ']","The user may be looking for a versatile hair styling tool that offers fast drying, ionic technology, and various heat and speed settings for creating different hairstyles at home."
"['B0BGVH59RD', 'B097F82JSG', 'B083KBDX3W', 'B0043R2Q3U', 'B00GKHI2PW', 'B00SDECGGQ', 'B097F7586K', 'B07ZJCGVLG', 'B01KCFSLJO', 'B00MANPMZ8', 'B0BJ4VW8K7', 'B0B43451VM', 'B00PAEF6KK', 'B00TPWWNJU', 'B0964495M4', 'B094NW6F89', 'B09645PNQX', 'B096461YN6', 'B07GH2MY8L', 'B09Y4QDRSH']",The user's future need might be looking for a comprehensive solution for eliminating flea infestation both on their pets and within their home environment.
"['B00DQR62Q0', 'B00DQR61VG', 'B00QME4SWY', 'B00DQR6184', 'B00QME4UPY', 'B082GWSQPD', 'B082GXKH9Z', 'B082GYFZJS', 'B0B3RW6BZJ', 'B001M0A2DW', 'B092M71L7Q', 'B09WNGH4WQ', 'B0716Z2X4R', 'B016BMZ3DE', 'B07RTLJCG7', 'B007STTRHI', 'B0B74992FS', 'B08N5V75VZ', 'B00C76XMCI', 'B09ZNXGWCK']",The user may be trying to find additional wrist support accessories in different sizes or colors to address ongoing wrist pain issues.
"['B0BFFCBTH9', 'B0BFFBV5PX', 'B09NMYWRSH', 'B06X19FLTC', 'B08839DLRW', 'B08M9D285K', 'B00EO0P4FI', 'B08M9V8NN3', 'B07BPLPCYQ', 'B0BFP9W9PP', 'B08Q19B8SB', 'B07PT5S3L7', 'B09KC1SQHD', 'B08KJF2D25', 'B09T76V684', 'B08H95Y452', 'B08P12ST1V', 'B0BCFWYNLV', 'B09T76YQS6', 'B08KG18FY7']",The user is likely looking to expand their digital content library for their PS5 gaming console.
"['B08P2LRTC1', 'B08RJ1LYZ4', 'B09H2L1T29', 'B09MVSFGCZ', 'B0BF5233LX', 'B09G9G4HNX', 'B09H2NDRMM', 'B09H5JJVMG', 'B0B3RW6BZJ', 'B098LTV4YQ', 'B0046NJ0AS', 'B093BVGR6Y', 'B093BTP57Z', 'B07NDKYJM9', 'B01EKHP6AW', 'B08NCPY85Z', 'B0BCQ3C9MB', 'B09ZJ4HTNS', 'B098LRFCWG', 'B07K7PVVVY']",The user may be seeking products to enhance comfort and support during physical activities such as running and sports.
"['B01M8HKWVJ', 'B01M4IE0NJ', 'B00WA2DGB6', 'B01NBS6F4R', 'B08B3HPJTQ', 'B07229BG2F', 'B078KGMY9C', 'B07TM3MGFG', 'B072BRRX97', 'B00NVIBXRW', 'B001AC0K9S', 'B07172LP9Y', 'B00MQ4SUUU', 'B019W17T0Q', 'B075G173VQ', 'B00FYSZDQ4', 'B0722LD4RH', 'B0782336G9', 'B09WPH76XY', 'B06XKD1PNH']","The user might be trying to cover up or touch up their grey roots, indicating a need for root concealer or touch-up products in various shades."
"['B09XTZJXKP', 'B08XXPD87W', 'B09XTYV1FQ', 'B07XQ6YTL6', 'B09QSV42R8', 'B08Z3XG353', 'B09H3D9M49', 'B09PVKS569', 'B08DKL6M1D', 'B097DJJR9Y', 'B09STYBRXV', 'B088FB464P', 'B088FB6JLP', 'B08VNGQX4V', 'B09248KHC5', 'B092498DYC', 'B084Z492PW', 'B092473GTP', 'B09TZQBVNK', 'B094G4FMYT']",The user may be looking to expand their current electrical setup at home or the office with additional extension leads for more devices.
"['B0BBY79R6R', 'B0BLHY457V', 'B08YQCPYCJ', 'B08SP5GR7R', 'B09KN4JRML', 'B09JRJ3QYC', 'B09GJS9BR8', 'B09JJF9K4W', 'B0BLGCY5CW', 'B0BKWPNS7D', 'B0B5KJZZZQ', 'B09M567CT1', 'B0BFV9DG8J', 'B0BLHTRT5X', 'B0BFWFDVM2', 'B07YF9Y74S', 'B09NRG1Q91', 'B09NP4Z6Y9', 'B0BF35LJ86', 'B09KF2HP24']",The user might be looking to expand their repertoire of recipes and cooking techniques for their Ninja Foodi 2-Basket Air Fryer.
"['B001H9NCMG', 'B08WHH7MNH', 'B08KH7K7G7', 'B0009MFQ4E', 'B00J2LAZ3K', 'B000BRKTHG', 'B001F0RDUE', 'B000BOCUS0', 'B000BRO5EE', 'B01IEZRFVE', 'B005TJXL2G', 'B095JQXNYF', 'B001QVPCSC', 'B001F0RDRM', 'B017MGWSKO', 'B0B7VVN5GP', 'B08PFRWBWC', 'B0B7VSVGYC', 'B000BRM9XI', 'B077FV73PY']",The user may be interested in finding more durable and convenient drawstring bin liners in various sizes and quantities for their Simplehuman trash bins.
"['B0B3JNR7GK', 'B0B42MBJ8N', 'B09XLQLSCB', 'B0BH4ZF8BT', 'B09XLQXPM9', 'B0B3JNW37L', 'B09RNCG737', 'B00393QJ9Q', 'B09RNC93PC', 'B0B3JM42T6', 'B09XLRWQLM', 'B09XLN7WZG', 'B0B3JQ93BP', 'B01G7H4KQE', 'B0B42PYW2G', 'B0BH51Q38V', 'B09XLPQYV6', 'B00JH3RJ5U', 'B0B42MD1MV', 'B07PB4Y873']","The user may be looking to address issues related to flea and tick control for their large dogs, potentially seeking additional or alternative products for prevention."
"['B075HCFFX2', 'B07Q85XJ6M', 'B085Y6YJ1K', 'B07TBDQ1HB', 'B00I3LUQPW', 'B07K776ZK6', 'B08BV6R26Z', 'B07PCRLTRK', 'B075HCCMTW', 'B0BFRXVPVM', 'B07MJJCVVK', 'B00X3L05VM', 'B08QVF4ZPV', 'B09BVD2C9L', 'B099DP3617', 'B09BVFDHMK', 'B08BTFXHHN', 'B09X9838WY', 'B09F5ZBT9M', 'B09S3VWMX6']","The user's future need may be to find a durable and stylish set of wireless headphones with excellent sound quality, deep bass, and a secure fit for various activities such as online classes, office work, and workouts."
"['B085TR395N', 'B09XJ3ZV5N', 'B09XJ2ZT1P', 'B09XJ4MH9F', 'B09XJ4TN1P', 'B09XJ6JL75', 'B09XJ42KMM', 'B09XJ44DJH', 'B09XJ4FQRJ', 'B09XJ4DXT9', 'B0838PKZX5', 'B09XJ3XCB5', 'B09XJ4HMPJ', 'B085TRHS58', 'B09XJ5W25F', 'B09XJ5NFR4', 'B09XJ44DJG', 'B08Y6N961Q', 'B085TQPF3R', 'B085TQX6RX']","Based on the purchase history and product attributes, the user may be looking to purchase personalized gifts for milestone birthdays (80th and 40th), such as customized photo blankets and gin balloon glasses."
